GeoFIPS,GeoName,Region,TableName,LineCode,IndustryClassification,Description,Unit,2005:Q1,2005:Q2,2005:Q3,2005:Q4,2006:Q1,2006:Q2,2006:Q3,2006:Q4,2007:Q1,2007:Q2,2007:Q3,2007:Q4,2008:Q1,2008:Q2,2008:Q3,2008:Q4,2009:Q1,2009:Q2,2009:Q3,2009:Q4,2010:Q1,2010:Q2,2010:Q3,2010:Q4,2011:Q1,2011:Q2,2011:Q3,2011:Q4,2012:Q1,2012:Q2,2012:Q3,2012:Q4,2013:Q1,2013:Q2,2013:Q3,2013:Q4,2014:Q1,2014:Q2,2014:Q3,2014:Q4,2015:Q1,2015:Q2,2015:Q3,2015:Q4,2016:Q1,2016:Q2,2016:Q3,2016:Q4,2017:Q1,2017:Q2,2017:Q3,2017:Q4,2018:Q1,2018:Q2,2018:Q3,2018:Q4,2019:Q1,2019:Q2,2019:Q3,2019:Q4,2020:Q1,2020:Q2,2020:Q3,2020:Q4,2021:Q1,2021:Q2,2021:Q3,2021:Q4,2022:Q1,2022:Q2,2022:Q3,2022:Q4,2023:Q1,2023:Q2,2023:Q3,2023:Q4,2024:Q1,2024:Q2,2024:Q3,2024:Q4,2025:Q1,2025:Q2,2025:Q3,2025:Q4,2026:Q1
 "00000","United States", ,SQGDP1,1,"...","Real GDP (millions of chained 2017 dollars) 1/","Millions of chained 2017 dollars",15844727.0,15922782.0,16047587.0,16136734.0,16353835.0,16396151.0,16420738.0,16561866.0,16611690.0,16713314.0,16809587.0,16915191.0,16843003.0,16943291.0,16854295.0,16485350.0,16298262.0,16269145.0,16326281.0,16502754.0,16582710.0,16743162.0,16872266.0,16960864.0,16920632.0,17035114.0,17031313.0,17222583.0,17367010.0,17444525.0,17469650.0,17489852.0,17662400.0,17709671.0,17860450.0,18016147.0,17953974.0,18185911.0,18406941.0,18500031.0,18666621.0,18782243.0,18857418.0,18892206.0,19001690.0,19062709.0,19197938.0,19304352.0,19398343.0,19506949.0,19660766.0,19882352.0,20044077.0,20150476.0,20276154.0,20304874.0,20431641.0,20602275.0,20843322.0,20985448.0,20709212.0,19077992.0,20558879.0,20791917.0,21082134.0,21440929.0,21617828.0,21988737.0,21932710.0,21967045.0,22125625.0,22278345.0,22439607.0,22580499.0,22840989.0,23033780.0,23082119.0,23286508.0,23478570.0,23586542.0,23548210.0,23770976.0,24026834.0,24055749.0,24180419.0
 "00000","United States", ,SQGDP1,2,"...","Chain-type quantity indexes for real GDP ","Quantity index",80.791,81.189,81.825,82.279,83.386,83.602,83.728,84.447,84.701,85.219,85.710,86.249,85.881,86.392,85.938,84.057,83.103,82.955,83.246,84.146,84.553,85.372,86.030,86.482,86.276,86.860,86.841,87.816,88.553,88.948,89.076,89.179,90.059,90.300,91.069,91.862,91.545,92.728,93.855,94.330,95.179,95.769,96.152,96.329,96.888,97.199,97.888,98.431,98.910,99.464,100.248,101.378,102.203,102.745,103.386,103.532,104.179,105.049,106.278,107.003,105.594,97.277,104.828,106.016,107.496,109.325,110.227,112.118,111.833,112.008,112.816,113.595,114.417,115.136,116.464,117.447,117.693,118.735,119.715,120.265,120.070,121.206,122.510,122.658,123.293
 "00000","United States", ,SQGDP1,3,"...","Current-dollar GDP (millions of current dollars) ","Millions of current dollars",12767286.0,12922656.0,13142642.0,13324204.0,13599160.0,13753424.0,13870188.0,14039560.0,14215651.0,14402082.0,14564117.0,14715058.0,14706538.0,14865701.0,14898999.0,14608209.0,14430902.0,14381236.0,14448882.0,14651249.0,14764610.0,14980193.0,15141607.0,15309474.0,15351448.0,15557539.0,15647680.0,15842259.0,16068805.0,16207115.0,16319541.0,16420419.0,16648189.0,16728687.0,16953838.0,17192019.0,17197738.0,17518508.0,17804228.0,17912079.0,18063529.0,18279784.0,18401626.0,18435137.0,18525933.0,18711702.0,18892639.0,19089379.0,19280084.0,19438643.0,19692595.0,20037088.0,20328553.0,20580912.0,20798730.0,20917867.0,21111600.0,21397938.0,21717171.0,21933217.0,21751238.0,19958291.0,21704437.0,22087160.0,22680693.0,23425910.0,23982379.0,24813600.0,25250347.0,25861292.0,26336304.0,26770514.0,27216445.0,27530055.0,28074846.0,28424722.0,28708161.0,29147044.0,29511664.0,29825182.0,30042113.0,30485729.0,31098027.0,31422526.0,31865721.0
 "01000","Alabama",5,SQGDP1,1,"...","Real GDP (millions of chained 2017 dollars) 1/","Millions of chained 2017 dollars",195673.0,197495.8,196798.5,199018.6,199142.9,200031.3,199875.0,200646.3,199991.2,201622.9,203021.2,203466.6,202569.5,203521.2,201866.4,195912.7,193411.8,193677.0,194399.8,195279.6,195899.5,198443.9,202056.5,201420.0,199677.1,200443.7,201353.8,204016.8,204204.3,205005.6,202857.9,202634.3,207096.6,206626.8,207985.4,206142.8,203241.7,205967.1,207514.9,207556.3,206947.5,208955.9,210102.0,209795.8,211142.4,212800.7,213240.6,214267.5,215654.5,215908.3,216407.7,218491.4,220062.1,220171.5,220569.5,222432.0,223030.4,224229.4,226283.6,227547.7,226543.7,209415.5,228053.2,228089.6,232126.1,233475.4,233428.2,236774.7,236952.7,238022.8,240729.9,243680.8,245649.1,246559.4,248843.2,252203.0,251126.4,254622.8,257762.3,259006.2,258551.4,259350.5,262323.1,262366.9,263952.7
 "01000","Alabama",5,SQGDP1,2,"...","Chain-type quantity indexes for real GDP ","Quantity index",90.332,91.173,90.852,91.876,91.934,92.344,92.272,92.628,92.325,93.079,93.724,93.930,93.516,93.955,93.191,90.443,89.288,89.411,89.744,90.150,90.437,91.611,93.279,92.985,92.180,92.534,92.954,94.184,94.270,94.640,93.649,93.546,95.606,95.389,96.016,95.165,93.826,95.084,95.799,95.818,95.537,96.464,96.993,96.852,97.473,98.239,98.442,98.916,99.556,99.674,99.904,100.866,101.591,101.642,101.825,102.685,102.961,103.515,104.463,105.047,104.583,96.676,105.280,105.297,107.160,107.783,107.762,109.306,109.389,109.883,111.132,112.495,113.403,113.824,114.878,116.429,115.932,117.546,118.995,119.570,119.360,119.729,121.101,121.121,121.853
 "01000","Alabama",5,SQGDP1,3,"...","Current-dollar GDP (millions of current dollars) ","Millions of current dollars",155647.0,157994.9,158924.5,162142.8,163613.4,165663.2,166857.0,168059.3,169068.2,171632.2,173705.1,174582.5,174345.5,175917.8,176078.5,172320.4,170336.2,170148.0,170871.6,172150.0,173109.4,176268.0,180096.6,180569.0,179875.7,181660.2,183751.1,186299.8,187413.6,189100.7,188049.1,188559.5,193119.0,192936.0,195099.9,194771.3,192853.7,196536.8,199021.2,199845.9,200030.7,202898.3,204848.2,204676.1,205783.7,208578.1,209418.5,211516.7,214141.7,215066.6,216841.7,220411.9,223670.1,225398.8,226627.4,229358.8,231258.9,233386.0,236371.8,238176.2,238175.6,219969.5,241862.0,243428.9,251618.7,257543.4,261854.0,270284.0,275676.2,283437.8,290628.5,297750.9,303401.1,306125.1,311886.5,316762.5,317518.0,323468.9,328501.2,331892.3,334355.6,337651.5,344535.1,348074.5,352725.6
 "02000","Alaska",8,SQGDP1,1,"...","Real GDP (millions of chained 2017 dollars) 1/","Millions of chained 2017 dollars",44023.9,44542.3,44267.3,44793.8,45815.9,47205.1,47812.7,49351.2,49737.7,50520.8,50563.9,49684.7,48550.1,47477.7,49548.0,54130.5,56280.9,55535.4,54243.0,53748.5,52420.4,53799.5,54367.7,54020.4,52334.2,53339.0,54149.9,56358.6,56280.5,57869.0,57662.9,56537.0,56001.0,54089.9,54509.0,53910.7,53151.3,53151.8,53275.8,53634.1,54065.0,53539.8,53509.2,53610.5,54055.6,53431.1,53174.9,53193.8,53407.3,53436.0,54001.1,53359.2,52891.0,52440.5,52378.3,52208.4,51848.1,51864.3,52977.9,52819.7,52677.6,48845.0,50354.6,51727.9,51805.9,51468.3,51631.9,52149.8,49971.7,50264.6,50362.7,51437.6,52443.5,53955.7,54982.6,55353.5,54861.1,55735.9,56427.0,56758.9,57015.4,57292.3,57829.9,57814.6,58216.4
 "02000","Alaska",8,SQGDP1,2,"...","Chain-type quantity indexes for real GDP ","Quantity index",82.209,83.177,82.664,83.647,85.556,88.150,89.284,92.158,92.879,94.342,94.422,92.780,90.662,88.659,92.525,101.082,105.098,103.706,101.292,100.369,97.889,100.464,101.525,100.877,97.728,99.604,101.119,105.243,105.097,108.064,107.679,105.576,104.575,101.006,101.789,100.672,99.254,99.255,99.486,100.155,100.960,99.979,99.922,100.111,100.942,99.776,99.298,99.333,99.732,99.785,100.841,99.642,98.768,97.927,97.810,97.493,96.820,96.850,98.930,98.635,98.369,91.212,94.031,96.596,96.741,96.111,96.416,97.384,93.316,93.863,94.046,96.054,97.932,100.756,102.673,103.366,102.447,104.080,105.371,105.990,106.470,106.987,107.990,107.962,108.712
 "02000","Alaska",8,SQGDP1,3,"...","Current-dollar GDP (millions of current dollars) ","Millions of current dollars",37932.4,39329.4,41031.8,43546.1,43218.9,44835.2,45551.5,46201.3,46926.2,49162.3,50133.2,51603.7,52932.2,56305.4,57918.7,53830.5,51078.0,49645.2,49133.7,50806.7,52099.5,53222.9,54340.2,54953.2,54656.9,56987.5,57092.0,58912.8,58428.1,58601.3,58417.5,57835.7,58115.4,56886.2,58175.3,56954.9,57124.3,57404.2,56794.9,55026.2,52214.6,52180.8,51256.2,50645.2,50122.5,50897.0,51346.5,52121.2,53091.3,53127.9,53782.4,54202.1,54542.5,54573.2,55020.0,54912.1,54034.3,54126.1,54946.3,55091.6,54054.1,48114.3,51302.0,53976.4,56168.6,57924.1,59941.0,63418.4,62964.0,66997.1,66717.0,66051.8,66436.1,67092.0,69247.1,70155.5,69700.3,71571.2,72275.5,72721.8,74861.1,74152.4,75289.6,75743.3,78827.3
 "04000","Arizona",6,SQGDP1,1,"...","Real GDP (millions of chained 2017 dollars) 1/","Millions of chained 2017 dollars",278000.0,282239.4,287212.2,287773.0,292978.3,293656.1,297228.7,301834.5,302720.3,305820.4,309295.5,308610.1,307724.1,306771.7,302880.9,291735.0,281857.8,276239.9,273797.2,277754.5,276732.1,280812.3,284144.8,287320.5,287340.2,288496.1,289990.1,295818.7,296784.1,297961.7,296789.8,296773.3,298558.9,297962.7,298623.3,300294.8,299928.8,300804.3,303144.0,303007.6,307062.6,308498.9,307658.2,311111.4,313558.8,317531.4,321787.1,323156.2,328167.2,330126.9,335744.3,338357.6,343718.4,344708.1,347777.9,349388.8,351655.7,356260.0,362967.1,367424.2,365408.0,347345.9,372526.6,381071.5,384526.5,392182.4,399888.6,409232.5,408573.2,412146.5,415772.4,418703.0,422684.2,425508.2,430116.5,432267.0,439719.8,444553.6,449408.5,454191.0,449758.8,453751.0,458852.1,460618.9,462243.4
 "04000","Arizona",6,SQGDP1,2,"...","Chain-type quantity indexes for real GDP ","Quantity index",83.459,84.731,86.224,86.393,87.955,88.159,89.231,90.614,90.880,91.811,92.854,92.648,92.382,92.096,90.928,87.582,84.617,82.930,82.197,83.385,83.078,84.303,85.303,86.257,86.263,86.610,87.058,88.808,89.098,89.451,89.100,89.095,89.631,89.452,89.650,90.152,90.042,90.305,91.007,90.966,92.184,92.615,92.362,93.399,94.134,95.326,96.604,97.015,98.519,99.108,100.794,101.579,103.188,103.485,104.407,104.890,105.571,106.953,108.967,110.305,109.700,104.277,111.837,114.402,115.439,117.737,120.051,122.856,122.658,123.731,124.819,125.699,126.894,127.742,129.126,129.771,132.009,133.460,134.917,136.353,135.023,136.221,137.752,138.283,138.771
 "04000","Arizona",6,SQGDP1,3,"...","Current-dollar GDP (millions of current dollars) ","Millions of current dollars",220892.2,225718.7,231489.8,233890.5,240362.8,242853.0,247804.0,253224.7,256254.0,259988.8,264140.6,264227.7,263435.1,263506.1,261970.7,255111.3,248017.6,243548.2,241905.2,245977.7,245084.1,249000.6,252194.6,255828.8,256928.8,259481.0,262353.0,268002.9,270794.5,273041.3,272876.8,274100.7,276709.1,277043.0,279109.7,281856.2,282611.0,285199.2,288861.6,290032.1,295072.6,298457.0,299046.2,303192.8,305993.3,311999.0,317178.2,319977.9,326382.8,329260.6,336133.0,340619.6,348063.1,351465.3,355997.6,359158.0,363813.7,370964.5,380142.1,386586.3,387352.2,367576.4,398239.8,408844.2,416317.0,429906.5,444136.7,462183.8,469830.5,483802.7,495597.1,505658.4,516825.6,525329.3,536206.9,542058.0,555888.3,565969.2,574674.1,583822.5,583747.1,592853.3,604334.5,611820.3,620588.4
 "05000","Arkansas",5,SQGDP1,1,"...","Real GDP (millions of chained 2017 dollars) 1/","Millions of chained 2017 dollars",111468.6,111682.8,112205.9,114447.1,114544.1,115845.7,114904.5,114267.4,111878.9,112495.7,112598.6,119133.6,113170.5,115149.0,114297.7,111894.7,112917.4,108124.0,108668.8,109622.3,110194.2,112874.5,114562.6,114372.1,114337.2,114769.4,115128.4,116732.0,117016.9,117033.7,116535.8,115878.2,119297.3,119291.3,120358.6,120424.0,120481.1,121170.4,121859.3,122126.9,120865.2,121200.5,121989.6,122074.8,122538.2,122691.9,122814.1,124095.2,123336.8,123438.0,123629.3,125126.2,126156.7,126071.2,126651.1,126606.0,126186.5,126266.0,127647.6,128780.0,128037.3,122404.6,131158.5,131982.0,135006.0,138524.1,137836.6,139172.5,138095.3,137530.8,138784.6,140277.5,141692.2,141175.5,141716.9,143287.5,145301.4,146484.3,148247.9,149526.0,149837.2,149430.6,151565.9,151727.4,152521.6
 "05000","Arkansas",5,SQGDP1,2,"...","Chain-type quantity indexes for real GDP ","Quantity index",89.979,90.152,90.574,92.384,92.462,93.513,92.753,92.238,90.310,90.808,90.891,96.167,91.353,92.950,92.263,90.323,91.149,87.279,87.719,88.489,88.951,91.114,92.477,92.323,92.295,92.644,92.934,94.228,94.458,94.471,94.070,93.539,96.299,96.294,97.155,97.208,97.254,97.811,98.367,98.583,97.564,97.835,98.472,98.541,98.915,99.039,99.138,100.172,99.559,99.641,99.796,101.004,101.836,101.767,102.235,102.198,101.860,101.924,103.039,103.953,103.354,98.807,105.873,106.538,108.979,111.819,111.264,112.342,111.473,111.017,112.029,113.234,114.376,113.959,114.396,115.664,117.290,118.245,119.668,120.700,120.951,120.623,122.346,122.477,123.118
 "05000","Arkansas",5,SQGDP1,3,"...","Current-dollar GDP (millions of current dollars) ","Millions of current dollars",89475.9,90098.5,91235.2,93724.1,94677.2,96487.2,96653.5,96476.8,95551.1,96759.4,97450.9,103538.5,98674.4,101145.7,101437.7,99568.8,100448.5,96074.8,96663.2,97949.2,98742.1,101375.0,103139.5,103540.8,104107.1,105184.8,106067.4,107431.4,108301.1,108801.4,109062.2,109179.2,113120.7,113185.1,114644.1,115134.3,115716.2,117154.6,118093.3,118590.7,117239.6,118181.1,119369.1,119504.5,119790.4,120660.0,120881.5,122617.8,122597.7,122980.3,123836.0,126116.3,127995.0,128832.8,129763.4,130263.9,130559.9,131390.8,133458.5,135094.0,135044.1,128847.6,139428.9,141262.8,146910.3,153923.0,156025.0,160189.0,162690.1,165941.3,169548.7,173273.9,176583.7,176627.2,178609.8,180638.3,184256.6,186555.3,189659.7,192886.6,195158.9,195810.4,200475.5,202243.0,204815.4
 "06000","California",8,SQGDP1,1,"...","Real GDP (millions of chained 2017 dollars) 1/","Millions of chained 2017 dollars",2011957.6,2029374.2,2056154.2,2071078.0,2114085.7,2109040.3,2121481.1,2137134.4,2126879.2,2153290.5,2180276.5,2215315.5,2180243.6,2224915.6,2222326.2,2141841.9,2132988.7,2103479.1,2097783.4,2108466.3,2130529.1,2139237.4,2150266.8,2195377.7,2185033.7,2194927.2,2189999.3,2201588.5,2231663.5,2242371.4,2256039.1,2291675.1,2287676.1,2315711.1,2348046.5,2409907.6,2383712.0,2412048.9,2456771.3,2462170.6,2518399.5,2550179.7,2556125.7,2559213.2,2599892.4,2600609.1,2639393.2,2654952.0,2681002.0,2717703.9,2759618.0,2803877.1,2809417.8,2838193.8,2869602.8,2886666.7,2909833.5,2954169.3,2989756.8,3024676.3,2983725.5,2749441.3,2971514.2,3017937.5,3082947.8,3133335.9,3170470.5,3217695.6,3162422.4,3146315.9,3145009.5,3135097.6,3152233.8,3191507.9,3223877.7,3248446.4,3277174.4,3287040.8,3321635.3,3341863.6,3341872.4,3377263.9,3414490.4,3421992.6,3452807.5
 "06000","California",8,SQGDP1,2,"...","Chain-type quantity indexes for real GDP ","Quantity index",73.414,74.050,75.027,75.572,77.141,76.957,77.411,77.982,77.608,78.571,79.556,80.835,79.555,81.185,81.091,78.154,77.831,76.754,76.546,76.936,77.741,78.059,78.461,80.107,79.730,80.091,79.911,80.334,81.431,81.822,82.321,83.621,83.475,84.498,85.678,87.935,86.979,88.013,89.645,89.842,91.894,93.054,93.271,93.383,94.868,94.894,96.309,96.877,97.827,99.166,100.696,102.311,102.513,103.563,104.709,105.332,106.177,107.795,109.093,110.367,108.873,100.324,108.428,110.122,112.494,114.332,115.687,117.411,115.394,114.806,114.758,114.397,115.022,116.455,117.636,118.533,119.581,119.941,121.203,121.941,121.942,123.233,124.591,124.865,125.990
 "06000","California",8,SQGDP1,3,"...","Current-dollar GDP (millions of current dollars) ","Millions of current dollars",1657672.4,1682374.6,1716355.1,1739031.4,1788491.4,1797782.8,1820881.2,1841491.1,1849762.4,1883271.5,1916104.0,1951743.6,1925220.1,1966926.4,1977677.1,1915142.3,1904208.6,1871514.0,1865232.8,1878282.7,1902238.8,1921530.7,1939022.4,1991621.1,1992227.9,2012221.2,2019840.5,2031911.6,2071169.3,2091301.8,2114752.4,2158269.0,2163927.3,2193808.5,2233104.9,2302362.9,2283403.6,2323047.3,2375055.1,2387369.2,2446644.5,2489234.8,2503898.3,2508848.0,2549498.6,2562614.1,2604514.8,2629313.2,2667089.6,2710240.8,2763960.2,2820910.5,2839717.0,2885169.0,2924444.5,2948793.0,2987644.2,3047883.1,3096476.8,3142514.6,3119520.9,2867447.1,3119773.1,3184969.3,3281204.0,3375897.9,3459109.6,3556812.8,3558123.1,3601080.3,3641386.4,3672568.8,3730459.0,3802555.4,3865374.2,3909640.4,3976763.4,4014221.5,4075823.2,4125624.4,4150764.6,4215206.2,4296452.1,4340940.3,4402547.3
 "08000","Colorado",7,SQGDP1,1,"...","Real GDP (millions of chained 2017 dollars) 1/","Millions of chained 2017 dollars",261764.0,262351.6,263133.9,260722.2,267639.9,265918.0,269711.5,269493.8,273536.6,277187.3,279588.8,284622.6,281408.9,283761.3,283124.8,278918.1,278097.5,273375.9,274940.5,276222.6,276287.0,276800.1,279732.3,284722.8,282496.8,283488.4,283865.5,286004.4,287339.1,289500.3,288999.0,291519.8,298232.7,299053.6,302781.4,305868.9,307518.5,312405.0,317708.4,323964.3,327143.0,329499.1,331565.5,333897.0,332473.1,334071.7,339822.4,344373.5,345065.3,346383.4,351901.4,357486.4,365104.7,363911.4,364233.5,367568.5,374316.4,380797.0,389693.4,390095.8,389276.4,359895.2,384893.4,388111.0,396847.4,403095.3,408524.2,416769.7,419985.7,417459.9,424065.0,428794.0,433852.9,438202.6,442682.1,446163.1,442691.2,448156.7,451091.8,453414.4,452218.8,456150.6,461326.1,462892.8,464485.2
 "08000","Colorado",7,SQGDP1,2,"...","Chain-type quantity indexes for real GDP ","Quantity index",74.745,74.913,75.136,74.448,76.423,75.931,77.014,76.952,78.107,79.149,79.835,81.272,80.355,81.026,80.845,79.643,79.409,78.061,78.508,78.874,78.892,79.039,79.876,81.301,80.665,80.948,81.056,81.667,82.048,82.665,82.522,83.242,85.158,85.393,86.457,87.339,87.810,89.205,90.720,92.506,93.414,94.086,94.676,95.342,94.936,95.392,97.034,98.334,98.531,98.908,100.483,102.078,104.253,103.913,104.005,104.957,106.884,108.734,111.274,111.389,111.155,102.766,109.904,110.823,113.317,115.101,116.652,119.006,119.924,119.203,121.089,122.439,123.884,125.126,126.405,127.399,126.408,127.968,128.806,129.470,129.128,130.251,131.729,132.176,132.631
 "08000","Colorado",7,SQGDP1,3,"...","Current-dollar GDP (millions of current dollars) ","Millions of current dollars",217196.2,219530.3,222921.4,223567.2,230114.6,230467.3,235190.9,235641.8,241337.5,246399.8,250125.2,256423.7,255071.2,260515.1,261042.0,253796.2,251438.6,247071.8,249080.1,251677.9,253011.7,253830.2,257095.3,263150.0,262770.6,265649.4,266950.4,269086.0,271658.8,274108.0,274725.3,278463.1,286265.6,288163.8,293415.5,297216.5,300579.6,306942.6,312478.8,316894.6,316528.2,320672.5,322325.0,324057.7,321716.2,326570.0,333710.3,340267.2,343084.0,345193.2,352060.8,360498.5,370840.7,372124.1,374198.7,378528.8,386187.3,394703.4,404317.5,406166.1,405573.5,371655.6,402058.6,408636.9,423946.7,437717.5,451142.8,470318.3,484151.6,493831.7,506005.0,512801.2,521446.4,528137.9,538035.8,545454.3,545041.8,556154.0,561818.9,567517.1,572096.2,578591.8,589908.5,596699.0,606118.4
 "09000","Connecticut",1,SQGDP1,1,"...","Real GDP (millions of chained 2017 dollars) 1/","Millions of chained 2017 dollars",256267.5,257460.7,257626.4,261460.2,270061.6,267848.9,268090.5,271913.2,280503.1,278775.6,278548.0,276114.8,289701.3,285823.5,275270.1,260377.7,266726.2,264044.4,264307.7,267044.8,265695.9,267711.0,268138.2,265548.6,259853.4,262456.3,261076.9,262836.5,263760.0,264167.7,263167.4,263504.6,259858.1,257699.3,259224.2,258862.4,255452.9,258912.6,262121.8,265935.7,268284.2,269967.0,268581.2,268646.6,268037.6,267474.9,267530.8,269741.5,270040.6,273837.5,275125.1,276497.0,275587.5,272817.7,276166.4,273759.6,272804.2,274020.5,275671.4,278405.5,268804.0,246547.5,264532.3,267064.6,264610.4,270566.0,272422.6,275520.2,276982.3,277932.1,280144.9,282334.5,281449.2,282355.1,283339.9,285769.6,283599.0,285700.1,287156.4,288184.7,288433.8,291703.1,295735.1,296139.3,297487.1
 "09000","Connecticut",1,SQGDP1,2,"...","Chain-type quantity indexes for real GDP ","Quantity index",93.571,94.007,94.067,95.467,98.608,97.800,97.888,99.284,102.420,101.789,101.706,100.818,105.779,104.363,100.509,95.072,97.390,96.411,96.507,97.506,97.014,97.749,97.905,96.960,94.880,95.831,95.327,95.969,96.307,96.456,96.090,96.213,94.882,94.094,94.651,94.518,93.274,94.537,95.709,97.101,97.959,98.573,98.067,98.091,97.869,97.663,97.684,98.491,98.600,99.986,100.456,100.957,100.625,99.614,100.837,99.958,99.609,100.053,100.656,101.654,98.148,90.022,96.589,97.513,96.617,98.792,99.470,100.601,101.135,101.481,102.289,103.089,102.766,103.096,103.456,104.343,103.550,104.318,104.849,105.225,105.316,106.510,107.982,108.129,108.621
 "09000","Connecticut",1,SQGDP1,3,"...","Current-dollar GDP (millions of current dollars) ","Millions of current dollars",201215.4,203210.6,204667.9,208924.6,217713.4,218324.8,219708.3,223502.3,232494.2,232599.2,233465.9,231948.1,244002.2,240474.8,234662.9,225303.1,232264.2,230126.8,230758.2,233362.7,231840.3,234721.6,235412.5,234114.2,229670.9,233279.5,233647.9,235636.7,238091.7,239658.7,240098.9,241780.7,239586.4,238539.6,241281.4,242789.4,240350.9,244770.7,249248.1,254089.1,258129.9,261221.6,261225.7,262017.0,262609.8,263841.9,264733.1,267856.8,268499.8,273048.0,275577.5,278375.1,279414.2,278529.0,282955.4,281242.9,281551.6,284597.2,287863.7,291795.0,284601.5,261428.0,282594.9,286367.1,286127.7,295553.0,300537.6,307245.5,312760.5,317856.9,324408.5,331474.9,334977.2,339670.0,343862.7,348897.4,349973.6,355272.3,359237.6,362856.3,365900.9,372735.0,381516.7,385667.4,390721.0
 "10000","Delaware",2,SQGDP1,1,"...","Real GDP (millions of chained 2017 dollars) 1/","Millions of chained 2017 dollars",65736.5,64145.0,63977.3,71665.9,68092.2,69204.5,68711.3,67639.3,68176.6,69671.4,67870.2,66811.4,65726.9,66347.6,66140.6,64870.2,68521.2,69820.2,70100.6,68302.5,68996.0,67485.6,67940.0,68745.8,69868.2,71024.8,71790.2,71730.7,71929.6,71340.9,70283.8,68695.2,67653.7,67884.4,68245.1,70844.0,71254.7,73741.4,75297.4,75553.6,76773.7,77932.7,75399.8,74738.5,72505.8,72358.7,71532.1,71369.1,70907.2,68917.0,69299.1,69099.1,69615.4,70079.2,71607.7,72123.5,73177.5,74262.8,75296.0,75775.0,73874.7,69548.7,73933.7,73558.0,74086.5,74523.8,75197.2,77014.6,80129.8,80758.5,81613.4,81945.4,81260.3,81606.9,82485.6,83010.9,84133.6,85182.5,85903.7,86182.4,86356.0,87041.2,87886.6,87840.7,87847.6
 "10000","Delaware",2,SQGDP1,2,"...","Chain-type quantity indexes for real GDP ","Quantity index",94.509,92.221,91.980,103.034,97.896,99.495,98.786,97.245,98.017,100.166,97.577,96.055,94.495,95.388,95.090,93.264,98.513,100.380,100.784,98.198,99.195,97.024,97.677,98.836,100.449,102.112,103.213,103.127,103.413,102.567,101.047,98.763,97.266,97.597,98.116,101.852,102.443,106.018,108.255,108.623,110.377,112.044,108.402,107.451,104.241,104.030,102.842,102.607,101.943,99.082,99.631,99.344,100.086,100.753,102.950,103.692,105.207,106.767,108.253,108.942,106.210,99.990,106.294,105.754,106.514,107.143,108.111,110.724,115.203,116.106,117.335,117.813,116.828,117.326,118.589,119.345,120.959,122.467,123.504,123.904,124.154,125.139,126.354,126.288,126.298
 "10000","Delaware",2,SQGDP1,3,"...","Current-dollar GDP (millions of current dollars) ","Millions of current dollars",51012.8,50092.6,50324.0,56765.1,54545.2,56187.2,56066.0,55472.3,56278.2,57829.1,56649.2,56066.1,55215.6,55522.4,55643.7,54621.4,57178.2,58070.0,58390.6,57280.6,58144.3,57444.5,57970.6,58969.3,59881.1,61183.1,62215.1,62238.3,63015.4,62801.0,62281.1,61271.0,60662.7,61067.6,61794.4,64708.1,65406.7,68232.0,70139.7,70645.8,72253.0,73889.3,71895.8,71371.8,69664.1,70256.5,69944.3,70220.9,70090.6,68590.5,69557.6,69983.8,71324.3,72466.0,74426.0,75287.8,76626.4,78302.7,79718.4,80194.7,78872.1,73996.1,79118.7,79041.7,80513.7,82100.4,84051.3,87553.5,93130.9,95876.5,98494.6,100619.5,101151.1,102432.0,104295.1,105451.7,108190.3,110280.0,112069.0,113347.8,114459.9,116005.6,118576.7,119829.9,120889.6
 "11000","District of Columbia",2,SQGDP1,1,"...","Real GDP (millions of chained 2017 dollars) 1/","Millions of chained 2017 dollars",108722.3,109213.9,108840.6,108759.5,108532.8,108515.4,109881.9,108463.3,110061.8,110880.4,114210.0,113998.4,116122.6,116091.2,116563.2,116077.8,114820.9,115861.9,115698.3,116202.9,118597.4,120407.3,120863.4,121704.7,122126.8,122877.0,123086.4,122455.3,123126.6,123989.2,123904.3,123251.3,124418.7,123549.6,123931.5,124479.4,125898.0,126257.3,127427.3,127953.1,128720.2,129520.7,128927.9,129272.0,131617.9,132312.1,132029.2,132911.9,132445.5,133333.2,135963.9,135452.5,136413.6,137731.6,139354.8,138727.2,136985.1,138437.8,139513.7,140702.1,140108.3,132929.0,137973.0,140305.2,139865.8,143395.3,145150.1,144943.9,145054.0,142988.3,142409.9,141751.0,142009.7,143245.3,143312.7,144149.2,143979.7,144451.7,144752.1,147168.3,146251.6,146236.5,146716.3,143581.6,144376.3
 "11000","District of Columbia",2,SQGDP1,2,"...","Chain-type quantity indexes for real GDP ","Quantity index",80.956,81.322,81.044,80.983,80.814,80.801,81.819,80.763,81.953,82.562,85.042,84.884,86.466,86.442,86.794,86.433,85.497,86.272,86.150,86.526,88.309,89.656,89.996,90.622,90.937,91.495,91.651,91.181,91.681,92.323,92.260,91.774,92.643,91.996,92.280,92.688,93.745,94.012,94.883,95.275,95.846,96.442,96.001,96.257,98.004,98.521,98.310,98.967,98.620,99.281,101.240,100.859,101.575,102.556,103.765,103.297,102.000,103.082,103.883,104.768,104.326,98.980,102.736,104.472,104.145,106.773,108.080,107.926,108.008,106.470,106.040,105.549,105.742,106.662,106.712,107.335,107.209,107.560,107.784,109.583,108.900,108.889,109.246,106.912,107.504
 "11000","District of Columbia",2,SQGDP1,3,"...","Current-dollar GDP (millions of current dollars) ","Millions of current dollars",84127.4,85403.7,85796.0,86331.1,87197.2,87811.7,89430.2,88964.5,91091.8,92526.3,96105.4,96331.9,98559.1,98715.2,99571.9,100115.2,99386.9,100488.9,100494.6,101350.1,103674.1,105977.4,106752.3,108110.7,108809.6,109864.1,110705.3,110436.4,111450.9,112761.1,113058.1,112780.5,114171.2,113902.5,114710.1,116547.2,118195.8,119005.4,120806.8,121984.0,123514.2,124862.0,124956.3,125681.7,128386.0,129736.7,130068.8,131542.4,131615.9,132941.6,136223.5,136414.0,138424.3,140553.6,142964.1,143018.7,142596.3,144106.2,145891.9,147691.3,148200.4,141204.7,147276.4,150737.0,151285.5,155463.6,158752.5,160823.6,163417.2,163847.4,165865.6,167294.8,169971.3,173443.9,175625.4,177962.1,180231.1,182930.9,184790.9,189237.7,189876.7,191775.7,194298.9,194518.6,194168.1
 "12000","Florida",5,SQGDP1,1,"...","Real GDP (millions of chained 2017 dollars) 1/","Millions of chained 2017 dollars",872048.0,877633.4,892662.4,890314.1,902478.3,905832.1,907829.5,921055.6,915009.6,921777.1,928467.5,923899.0,909549.6,905576.0,891412.4,860529.3,846566.6,837256.6,833937.0,844162.5,842088.0,850001.2,856943.3,858793.1,846083.9,853070.2,846179.8,852247.4,855312.1,854201.6,862159.2,859772.5,873524.7,874536.8,882753.9,889918.6,890251.7,900744.5,911509.3,920088.4,929324.3,942826.0,951363.5,960202.3,961563.1,973438.5,987088.5,993868.9,1003618.4,1008929.1,1015823.3,1031096.7,1043422.3,1043767.4,1056123.0,1058422.5,1071660.3,1077271.5,1089801.6,1100922.2,1089624.0,1007695.1,1091965.9,1100641.3,1124904.2,1163580.8,1184949.3,1217187.1,1217081.0,1235640.6,1257465.3,1273523.3,1293894.1,1299054.3,1313046.5,1331574.1,1336382.9,1342756.6,1360518.4,1369442.5,1378378.1,1389502.1,1401580.5,1405887.7,1411368.4
 "12000","Florida",5,SQGDP1,2,"...","Chain-type quantity indexes for real GDP ","Quantity index",85.927,86.478,87.959,87.727,88.926,89.256,89.453,90.756,90.161,90.827,91.487,91.036,89.623,89.231,87.835,84.792,83.417,82.499,82.172,83.180,82.975,83.755,84.439,84.621,83.369,84.057,83.378,83.976,84.278,84.169,84.953,84.718,86.073,86.173,86.982,87.688,87.721,88.755,89.816,90.661,91.571,92.901,93.743,94.614,94.748,95.918,97.263,97.931,98.892,99.415,100.094,101.599,102.814,102.848,104.065,104.292,105.596,106.149,107.384,108.479,107.366,99.293,107.597,108.452,110.843,114.654,116.759,119.936,119.925,121.754,123.904,125.487,127.494,128.002,129.381,131.207,131.681,132.309,134.059,134.938,135.819,136.915,138.105,138.529,139.069
 "12000","Florida",5,SQGDP1,3,"...","Current-dollar GDP (millions of current dollars) ","Millions of current dollars",688979.5,698206.7,714790.3,717584.9,735292.3,744023.4,751954.4,768430.0,770799.9,779375.6,789646.1,787967.6,776380.4,773693.0,767098.6,752259.1,744310.0,736250.8,733693.6,743035.1,740748.8,750742.4,758223.0,762279.5,752832.1,762287.2,761188.9,767864.2,776063.9,779786.8,790207.7,792125.4,808193.1,811801.4,823664.7,835059.8,837828.7,853102.4,868020.8,881498.6,896019.7,913439.6,926391.1,938006.9,942044.8,958225.5,973729.6,984003.5,997513.8,1006087.5,1017769.0,1038097.1,1056116.4,1064004.6,1080305.6,1087915.7,1109880.6,1123239.0,1142934.0,1158818.5,1155692.6,1070104.0,1169183.8,1183632.6,1220934.8,1279715.5,1322673.6,1379907.4,1404696.9,1451075.6,1499007.3,1539972.6,1584302.7,1606758.8,1637521.4,1669986.2,1690354.5,1710819.7,1742107.4,1763558.0,1790562.2,1821506.6,1852346.3,1874150.7,1898460.6
 "13000","Georgia",5,SQGDP1,1,"...","Real GDP (millions of chained 2017 dollars) 1/","Millions of chained 2017 dollars",476989.2,479548.8,480522.6,486292.7,483793.8,485066.7,488063.4,493175.8,492348.7,492181.4,491679.7,492745.0,484755.7,488654.1,485166.2,468865.2,462811.4,464178.8,463653.2,465423.8,466169.9,468376.6,473166.5,478640.0,478261.4,479415.4,481910.4,485274.3,486783.6,489425.7,490548.4,489351.5,497148.3,497941.2,500347.8,504163.4,507848.9,515854.4,521847.9,524496.5,532564.7,539696.9,542769.8,545402.7,556295.1,558761.7,563192.5,568623.7,576513.1,578985.7,584304.5,594370.0,592862.9,597845.3,605171.3,607859.2,611817.8,617858.1,625225.3,628078.4,616257.2,567926.0,611620.2,617006.8,628848.7,638560.5,647200.8,660383.9,659210.2,669910.5,672371.2,678936.9,671964.9,676493.3,682134.0,687196.7,690282.1,695600.7,699946.5,703974.2,702395.7,707272.9,715808.5,716172.1,720633.0
 "13000","Georgia",5,SQGDP1,2,"...","Chain-type quantity indexes for real GDP ","Quantity index",81.740,82.179,82.346,83.334,82.906,83.124,83.638,84.514,84.372,84.344,84.258,84.440,83.071,83.739,83.141,80.348,79.311,79.545,79.455,79.758,79.886,80.264,81.085,82.023,81.958,82.156,82.583,83.160,83.419,83.871,84.064,83.859,85.195,85.331,85.743,86.397,87.028,88.400,89.427,89.881,91.264,92.486,93.013,93.464,95.331,95.753,96.513,97.443,98.795,99.219,100.130,101.855,101.597,102.451,103.706,104.167,104.845,105.880,107.143,107.632,105.606,97.324,104.811,105.735,107.764,109.428,110.909,113.168,112.967,114.800,115.222,116.347,115.153,115.929,116.895,117.763,118.291,119.203,119.948,120.638,120.367,121.203,122.666,122.728,123.493
 "13000","Georgia",5,SQGDP1,3,"...","Current-dollar GDP (millions of current dollars) ","Millions of current dollars",382628.2,386299.2,389410.4,396491.1,398047.1,402829.3,407951.7,413828.5,416967.5,418798.2,420280.9,421492.7,415072.6,418487.5,419883.6,411770.3,408755.6,409649.7,409672.6,411426.9,412093.9,416023.1,420800.3,427135.1,427536.1,430625.3,435475.6,438911.2,443262.6,448461.4,452273.1,453505.2,462355.5,464086.6,468400.0,475396.0,480233.2,490445.8,498909.9,503892.2,514483.1,524056.9,529759.8,533767.5,546262.3,551708.5,557105.6,564536.4,573669.4,577267.5,585212.6,598023.8,599723.1,609003.2,618513.4,623973.9,632296.4,642604.4,653443.6,658438.8,650459.1,598380.1,648462.8,656651.0,675535.7,694520.9,714020.9,739940.9,753028.5,781138.0,795181.2,814343.1,816631.3,829461.7,843330.7,853597.4,864771.2,876955.6,886879.3,897426.6,902412.4,915807.8,935786.8,945308.5,958277.0
 "15000","Hawaii",8,SQGDP1,1,"...","Real GDP (millions of chained 2017 dollars) 1/","Millions of chained 2017 dollars",71892.1,72515.1,73179.2,74181.1,73938.5,74759.7,75369.6,75504.0,75336.5,75761.1,76972.0,77666.8,77352.4,77990.4,76898.3,75079.7,74246.5,74269.7,73798.0,74159.9,75196.0,75651.5,76718.0,76955.2,76974.8,76992.3,76766.8,77962.9,78088.9,78728.3,79072.6,78886.3,80480.1,80183.7,80590.7,80884.9,80381.2,81088.4,81876.6,81873.4,83001.3,83774.8,84134.2,84520.3,85068.9,85526.3,85837.4,86249.1,86952.5,87167.1,87677.6,87948.2,88319.5,89232.3,88903.6,88890.3,88668.7,88374.6,89018.8,89358.8,86828.7,74933.2,77388.6,79636.7,81205.7,84498.0,86538.0,85886.5,86674.7,86881.7,87721.8,88686.6,88745.5,89451.6,89526.7,90845.0,90660.0,91539.0,92495.2,92817.7,93750.2,93853.2,94530.8,94442.6,95000.3
 "15000","Hawaii",8,SQGDP1,2,"...","Chain-type quantity indexes for real GDP ","Quantity index",82.222,82.935,83.694,84.840,84.563,85.502,86.199,86.353,86.162,86.647,88.032,88.827,88.467,89.197,87.948,85.868,84.915,84.941,84.402,84.816,86.001,86.522,87.741,88.013,88.035,88.055,87.797,89.165,89.309,90.041,90.434,90.221,92.044,91.705,92.171,92.507,91.931,92.740,93.641,93.638,94.928,95.812,96.223,96.665,97.292,97.816,98.171,98.642,99.447,99.692,100.276,100.585,101.010,102.054,101.678,101.663,101.409,101.073,101.810,102.199,99.305,85.700,88.509,91.080,92.874,96.639,98.973,98.227,99.129,99.366,100.326,101.430,101.497,102.305,102.391,103.898,103.687,104.692,105.786,106.155,107.221,107.339,108.114,108.013,108.651
 "15000","Hawaii",8,SQGDP1,3,"...","Current-dollar GDP (millions of current dollars) ","Millions of current dollars",55743.9,56679.9,57590.7,58832.9,59340.9,60438.1,61494.3,62118.9,62607.2,63324.8,64837.4,65654.5,65468.1,66067.7,65580.9,65065.3,64635.3,64549.5,64121.1,64551.5,65474.7,66244.3,67367.7,67870.4,68101.2,68390.0,68726.8,69986.4,70516.5,71616.5,72166.6,72283.0,73974.7,74002.3,74779.8,75637.4,75406.6,76596.2,77809.4,78359.9,80076.8,81124.8,81905.9,82533.4,83263.7,84051.3,84562.4,85271.5,86347.2,86910.3,87877.7,88610.2,89587.4,91120.8,91231.8,91794.0,92447.2,92585.0,93727.1,94201.5,91914.0,79375.7,82529.2,85333.1,87981.0,92691.3,96521.3,97543.3,100240.2,102423.5,105194.4,107959.8,109297.9,111191.4,112159.6,114312.0,114982.3,116991.9,118741.5,119794.0,122293.3,123608.5,125476.9,127052.4,128446.2
 "16000","Idaho",7,SQGDP1,1,"...","Real GDP (millions of chained 2017 dollars) 1/","Millions of chained 2017 dollars",58327.2,59144.2,60007.1,59849.1,60754.4,61356.4,60080.4,60763.0,61032.9,61326.9,61821.4,63067.1,63182.4,64527.5,64564.4,63238.4,62052.5,60630.6,61222.0,61199.0,62127.1,62185.0,62879.5,63314.1,62583.9,62699.7,62514.7,63017.6,62090.8,62004.6,62241.5,61692.2,63182.1,64422.1,65268.1,66206.9,66238.9,66481.7,67064.2,67354.8,68232.1,67563.8,67782.8,67583.5,69563.1,70161.1,71097.4,70948.5,71475.2,72602.2,73283.0,74380.2,76802.5,77360.4,77916.6,78529.0,79670.9,80442.5,81760.4,82703.2,82527.4,77183.7,84833.9,86301.5,87707.7,87989.8,88326.0,91797.0,91619.1,92215.5,93057.1,94278.2,94653.7,94310.3,95618.6,96563.4,97098.4,99206.2,100588.5,101376.2,100438.2,101231.3,102211.0,102389.8,102534.0
 "16000","Idaho",7,SQGDP1,2,"...","Chain-type quantity indexes for real GDP ","Quantity index",79.971,81.092,82.275,82.058,83.299,84.125,82.375,83.311,83.681,84.084,84.762,86.470,86.628,88.472,88.523,86.705,85.079,83.130,83.940,83.909,85.181,85.261,86.213,86.809,85.808,85.966,85.713,86.402,85.132,85.013,85.338,84.585,86.628,88.328,89.488,90.775,90.819,91.152,91.950,92.349,93.552,92.636,92.936,92.662,95.377,96.197,97.480,97.276,97.998,99.543,100.477,101.981,105.302,106.067,106.830,107.670,109.235,110.293,112.100,113.393,113.152,105.825,116.314,118.326,120.254,120.641,121.102,125.861,125.617,126.435,127.589,129.263,129.778,129.307,131.101,132.396,133.130,136.020,137.915,138.995,137.709,138.796,140.140,140.385,140.582
 "16000","Idaho",7,SQGDP1,3,"...","Current-dollar GDP (millions of current dollars) ","Millions of current dollars",47677.6,48528.7,49490.9,49523.4,50632.6,51294.4,50778.1,51691.1,52588.1,53154.2,53892.1,55215.1,55195.9,56570.4,56974.1,56073.8,55094.1,53896.3,54382.4,54658.7,55457.1,55525.4,56302.1,57060.3,56908.2,57341.5,57560.4,57862.6,57415.5,57717.2,58332.8,58269.4,60189.7,61276.4,62258.4,63126.0,63437.4,64308.0,64895.4,65366.1,65948.4,65802.6,66342.0,66166.5,67836.2,68958.1,69936.5,70009.8,71111.1,72404.9,73356.5,74868.0,77708.1,78753.4,79425.8,80402.2,82037.6,83402.3,85400.2,86877.3,87413.4,81345.0,90567.4,92901.3,95698.5,98089.6,100120.2,105628.0,108031.4,111362.4,113959.7,117085.5,118681.3,118982.5,121572.3,123116.2,124689.9,128085.9,130588.0,132709.0,132907.6,134501.3,136846.8,137955.4,139281.7
 "17000","Illinois",3,SQGDP1,1,"...","Real GDP (millions of chained 2017 dollars) 1/","Millions of chained 2017 dollars",738931.8,739052.6,743557.6,743452.2,757875.8,758270.4,758160.5,764996.1,764332.9,768292.9,769950.8,775709.9,763659.5,767475.2,763586.2,741660.4,735610.7,737193.3,740394.1,749979.1,743781.0,751543.8,761689.1,764551.6,766319.1,772094.5,771408.7,779080.2,794426.3,793682.2,790563.2,784221.4,791917.4,790672.7,795175.4,803975.4,797714.2,810220.2,818332.3,819693.7,820333.5,824655.0,830015.9,826695.3,824188.0,825439.8,824048.3,831942.7,827244.7,831227.2,834913.4,837922.0,846640.6,848069.3,853891.4,857467.4,853067.6,856589.0,864431.7,857984.9,834580.6,765171.3,818866.7,824153.8,842827.5,856246.8,859363.3,870020.7,874314.8,869978.2,870443.4,876893.5,878097.9,881308.0,886972.2,893483.0,892827.6,898830.1,902056.1,902789.7,900323.4,910910.8,920508.0,922983.4,924143.5
 "17000","Illinois",3,SQGDP1,2,"...","Chain-type quantity indexes for real GDP ","Quantity index",88.726,88.740,89.281,89.269,91.000,91.048,91.035,91.855,91.776,92.251,92.450,93.142,91.695,92.153,91.686,89.053,88.327,88.517,88.901,90.052,89.308,90.240,91.458,91.802,92.014,92.708,92.625,93.546,95.389,95.300,94.925,94.164,95.088,94.938,95.479,96.536,95.784,97.286,98.260,98.423,98.500,99.019,99.662,99.264,98.963,99.113,98.946,99.894,99.330,99.808,100.251,100.612,101.659,101.830,102.529,102.959,102.430,102.853,103.795,103.021,100.211,91.876,98.324,98.959,101.201,102.812,103.186,104.466,104.982,104.461,104.517,105.291,105.436,105.821,106.501,107.283,107.204,107.925,108.313,108.401,108.105,109.376,110.528,110.825,110.965
 "17000","Illinois",3,SQGDP1,3,"...","Current-dollar GDP (millions of current dollars) ","Millions of current dollars",581182.4,585222.2,593163.7,597046.3,614801.3,621192.7,625514.6,634763.6,640460.3,647068.7,651736.9,657963.6,648533.1,651757.1,654335.5,644083.4,641330.4,642030.6,645439.9,654572.0,649468.0,659863.7,670334.3,676050.1,680338.7,689764.6,694466.6,702652.0,722000.2,725889.1,728017.0,726005.6,735957.8,735827.0,743289.1,756489.6,752621.5,768905.4,781207.5,786432.6,792018.4,800797.3,809711.4,807840.8,806755.0,812144.2,812154.7,823192.4,821742.8,828155.0,836798.1,844611.3,859003.1,866772.2,875656.3,882665.3,883267.4,892600.5,905057.7,901481.8,883280.1,808661.0,871082.0,880208.2,909671.1,937974.4,956717.1,984533.1,1011609.4,1029466.2,1043757.1,1066110.8,1080979.6,1092576.0,1108648.0,1120972.7,1130355.0,1144609.0,1154540.1,1162920.2,1168766.6,1191814.7,1216429.8,1230973.3,1242429.3
 "18000","Indiana",3,SQGDP1,1,"...","Real GDP (millions of chained 2017 dollars) 1/","Millions of chained 2017 dollars",303600.9,306000.2,307860.8,307916.5,310651.5,311600.5,312644.8,315205.4,315549.9,321548.8,324923.4,328624.6,328175.7,328587.2,322380.1,310394.0,297132.7,295513.1,298281.3,308229.0,314952.3,319915.0,324005.0,324054.8,321329.9,320842.8,320350.6,323607.8,324474.8,325818.3,324465.3,320746.6,332837.6,330668.9,334078.4,335244.6,337995.1,344604.3,347586.9,345124.8,341035.5,342015.8,340355.0,341414.4,343033.4,346480.7,350851.5,353391.1,354230.7,356327.6,357508.4,362076.4,367616.7,367646.0,369403.4,370385.6,366326.5,369152.5,372584.4,373965.5,367360.6,332439.2,367889.6,372164.9,378739.0,386053.2,387488.6,395210.1,392085.0,393731.9,394386.5,393722.5,394811.1,396839.3,402926.2,406901.6,409584.5,410042.0,413334.9,415052.1,417420.0,420585.4,425876.3,425872.9,428215.8
 "18000","Indiana",3,SQGDP1,2,"...","Chain-type quantity indexes for real GDP ","Quantity index",84.915,85.586,86.106,86.122,86.887,87.152,87.444,88.161,88.257,89.935,90.879,91.914,91.788,91.903,90.167,86.815,83.106,82.653,83.427,86.209,88.090,89.478,90.622,90.636,89.873,89.737,89.600,90.511,90.753,91.129,90.750,89.710,93.092,92.486,93.439,93.765,94.535,96.383,97.217,96.529,95.385,95.659,95.195,95.491,95.944,96.908,98.130,98.841,99.076,99.662,99.992,101.270,102.820,102.828,103.319,103.594,102.459,103.249,104.209,104.595,102.748,92.981,102.896,104.092,105.930,107.976,108.378,110.537,109.663,110.124,110.307,110.121,110.426,110.993,112.695,113.807,114.558,114.686,115.607,116.087,116.749,117.635,119.114,119.113,119.769
 "18000","Indiana",3,SQGDP1,3,"...","Current-dollar GDP (millions of current dollars) ","Millions of current dollars",243299.2,246300.2,249468.1,250645.6,254915.4,257761.9,260326.4,263117.5,265688.6,272467.2,276071.5,279135.8,279527.8,279882.6,278823.2,272864.6,263180.2,260952.4,263535.3,272032.1,277457.6,283443.1,287988.8,289853.7,289209.8,290801.2,292955.2,296529.1,298864.5,302203.3,303275.5,300766.2,312452.7,309750.5,314014.7,317649.6,321089.6,329134.1,334162.0,333057.9,330761.5,333631.1,333572.3,334690.1,335729.8,340766.7,345149.8,349220.2,351889.3,354641.4,358380.7,365231.7,373480.9,376129.7,379052.5,380844.5,378363.3,382924.7,387655.0,390411.9,385329.3,347607.8,387165.1,393069.7,405234.0,420414.5,429408.6,446026.7,452650.2,465988.1,472861.3,479219.0,486485.4,490974.8,502249.7,507688.3,514222.9,515842.2,521420.9,526579.8,532944.9,539309.2,551815.6,556866.4,563864.6
 "19000","Iowa",4,SQGDP1,1,"...","Real GDP (millions of chained 2017 dollars) 1/","Millions of chained 2017 dollars",153328.7,153673.2,154585.8,152919.4,154648.7,155912.3,154888.1,157368.7,160806.5,163468.8,163228.4,163848.5,163884.0,162965.8,159725.6,155301.0,153677.8,154934.8,157655.4,160680.7,159516.8,161600.6,162376.6,162878.2,162653.4,162882.9,163995.8,168705.0,170924.0,173101.8,171526.5,168142.7,170201.2,169442.4,171457.8,173175.2,174477.3,180717.6,183052.6,182992.3,184782.5,185117.8,186543.9,187512.6,186314.8,185548.4,188039.9,187016.4,188413.9,187162.1,185205.9,187718.2,190703.6,190538.9,189171.3,186566.6,187506.5,187347.5,189285.7,189745.9,187005.4,178248.3,190388.9,193404.0,200697.9,204098.6,202073.3,203012.7,203963.9,202659.2,203090.2,200976.9,198980.5,198720.5,202589.5,205148.6,205310.2,206865.9,206999.3,206580.3,205940.1,207795.3,210342.1,211291.5,211248.2
 "19000","Iowa",4,SQGDP1,2,"...","Chain-type quantity indexes for real GDP ","Quantity index",81.939,82.123,82.611,81.720,82.645,83.320,82.773,84.098,85.935,87.358,87.230,87.561,87.580,87.089,85.358,82.993,82.126,82.797,84.251,85.868,85.246,86.360,86.774,87.042,86.922,87.045,87.640,90.156,91.342,92.506,91.664,89.856,90.956,90.550,91.627,92.545,93.241,96.576,97.824,97.791,98.748,98.927,99.689,100.207,99.567,99.157,100.489,99.942,100.689,100.020,98.974,100.317,101.912,101.824,101.094,99.702,100.204,100.119,101.155,101.401,99.936,95.256,101.744,103.356,107.253,109.071,107.988,108.490,108.999,108.302,108.532,107.402,106.336,106.197,108.264,109.632,109.718,110.550,110.621,110.397,110.055,111.046,112.407,112.915,112.891
 "19000","Iowa",4,SQGDP1,3,"...","Current-dollar GDP (millions of current dollars) ","Millions of current dollars",121862.9,122612.3,123971.1,123018.2,125476.4,127315.0,127600.5,130291.3,134654.5,137794.2,138408.2,139504.0,139365.5,138717.1,137593.7,135320.7,134352.8,135377.8,137663.7,140983.0,139707.3,142121.9,143286.0,144875.5,146032.2,147247.4,149511.8,153312.9,156559.1,159742.4,159826.6,158084.2,161695.0,160467.3,162807.2,164690.4,166587.4,174302.1,176754.6,177292.7,178992.3,180477.7,182789.4,183627.2,182279.0,182818.3,185373.1,184868.9,187327.4,186545.0,185498.3,189129.3,193425.6,194454.7,193358.2,191381.9,193155.4,194474.0,197911.3,199509.2,198806.0,188715.6,203117.9,207158.8,217238.2,225697.6,226778.2,230507.2,238072.5,243045.6,247017.8,248491.2,248479.2,249264.2,255794.3,259128.5,261881.5,264866.7,267073.7,269356.1,271062.7,273962.0,280071.2,283344.5,284351.1
 "20000","Kansas",4,SQGDP1,1,"...","Real GDP (millions of chained 2017 dollars) 1/","Millions of chained 2017 dollars",129820.3,129763.8,130490.5,128278.3,135170.4,136100.7,135685.8,137586.3,142266.3,143418.0,143598.3,145063.8,147756.9,149440.6,148141.4,143721.2,141446.7,141029.1,141557.4,143576.8,140375.3,142749.9,145426.2,146928.9,145938.8,148460.3,148178.9,148769.2,154742.6,151906.5,147000.1,146659.1,148915.3,149939.0,150903.3,153054.0,149502.1,152967.0,156169.4,157801.9,155212.7,158379.2,159849.0,160969.4,161486.4,164308.5,166107.0,166672.9,166139.9,165908.1,166040.5,167005.8,167881.6,169081.3,170973.7,171250.9,167380.2,169793.4,170205.4,170870.0,172097.6,157918.6,168046.5,168422.8,165772.1,171005.0,171857.2,172970.4,177529.6,176046.2,178749.3,178779.3,180064.5,179250.3,180698.9,181056.4,179600.7,182342.6,181910.0,182545.3,181347.8,184321.1,187241.9,187665.3,188116.7
 "20000","Kansas",4,SQGDP1,2,"...","Chain-type quantity indexes for real GDP ","Quantity index",78.076,78.042,78.479,77.149,81.294,81.853,81.604,82.747,85.562,86.254,86.363,87.244,88.864,89.876,89.095,86.437,85.069,84.817,85.135,86.350,84.424,85.852,87.462,88.366,87.770,89.287,89.118,89.473,93.065,91.359,88.409,88.204,89.560,90.176,90.756,92.050,89.913,91.997,93.923,94.905,93.348,95.252,96.136,96.810,97.121,98.818,99.900,100.240,99.920,99.780,99.860,100.440,100.967,101.689,102.827,102.993,100.666,102.117,102.365,102.764,103.503,94.975,101.066,101.293,99.698,102.846,103.358,104.028,106.770,105.877,107.503,107.521,108.294,107.804,108.676,108.891,108.015,109.664,109.404,109.786,109.066,110.854,112.611,112.865,113.137
 "20000","Kansas",4,SQGDP1,3,"...","Current-dollar GDP (millions of current dollars) ","Millions of current dollars",104540.4,105047.9,106433.6,105353.9,111820.8,113394.1,114021.8,116090.5,121349.1,123222.5,124078.6,125785.4,128396.5,130526.7,130525.9,127443.7,125563.0,125129.4,125595.7,127910.7,125193.7,127785.0,130747.0,133217.0,133666.3,137066.8,137935.8,138319.5,144809.2,143027.6,139423.1,139988.5,143074.8,143929.4,145304.1,147689.1,144848.2,149168.1,152626.1,154462.0,151676.8,155484.5,157338.8,158295.8,158375.7,161873.3,163619.1,164709.8,165162.6,165328.8,166309.5,168293.2,170232.9,172589.7,174926.2,175743.3,172578.6,175952.4,177174.2,178569.9,180788.7,164905.6,177078.5,178769.6,178543.8,188115.8,192478.1,196835.7,207083.2,210673.5,216411.8,219306.6,223271.2,222988.7,226329.2,226816.1,226482.4,230706.7,231176.5,233722.7,234125.3,238959.6,244987.0,247441.6,249158.9
 "21000","Kentucky",5,SQGDP1,1,"...","Real GDP (millions of chained 2017 dollars) 1/","Millions of chained 2017 dollars",179118.2,181836.1,183252.4,183864.8,186066.1,187093.7,186245.3,185925.5,183605.0,185160.8,185752.1,188642.3,188247.3,190012.5,186208.6,181595.4,177910.9,175957.0,177301.7,181281.8,181622.3,186392.8,189641.8,189225.3,186945.8,187429.0,187850.6,191333.7,192420.8,193053.1,192283.0,190483.7,197648.8,196169.2,196708.6,196265.6,195110.8,197163.2,197632.9,197276.4,197771.6,199982.7,199912.0,200282.2,197986.3,200660.4,202736.4,202645.5,202092.8,203322.1,203725.3,205115.6,204572.2,206102.4,205975.3,207110.5,208912.4,210890.2,212681.2,214648.5,212216.7,192116.2,211019.1,211055.6,213932.3,214843.4,214959.0,218405.2,217336.9,220414.7,221571.5,223244.2,225103.6,225323.4,228316.0,229026.7,229287.3,230618.4,232056.0,231903.7,229972.5,232589.8,235495.1,234914.9,235965.9
 "21000","Kentucky",5,SQGDP1,2,"...","Chain-type quantity indexes for real GDP ","Quantity index",87.991,89.326,90.022,90.323,91.404,91.909,91.492,91.335,90.195,90.960,91.250,92.670,92.476,93.343,91.474,89.208,87.398,86.438,87.099,89.054,89.221,91.565,93.161,92.956,91.836,92.074,92.281,93.992,94.526,94.837,94.458,93.574,97.094,96.367,96.632,96.415,95.847,96.856,97.086,96.911,97.155,98.241,98.206,98.388,97.260,98.574,99.593,99.549,99.277,99.881,100.079,100.762,100.495,101.247,101.185,101.742,102.627,103.599,104.479,105.445,104.251,94.376,103.662,103.680,105.093,105.541,105.598,107.291,106.766,108.278,108.846,109.668,110.581,110.689,112.159,112.508,112.636,113.290,113.997,113.922,112.973,114.259,115.686,115.401,115.917
 "21000","Kentucky",5,SQGDP1,3,"...","Current-dollar GDP (millions of current dollars) ","Millions of current dollars",140953.0,143924.8,146470.0,148311.8,151049.9,153180.2,153795.4,154013.8,153746.8,156257.0,157397.5,160198.6,160123.9,162657.2,161467.8,158551.9,156323.6,155101.5,157067.8,161267.4,161731.0,166156.4,169180.2,169557.8,168423.5,170085.9,171477.6,174965.6,177193.0,178759.2,179251.7,178278.4,185311.0,183772.1,184976.0,185623.4,185081.1,188224.5,189774.8,190225.2,191341.5,194999.7,195814.9,196328.6,193801.4,197588.4,199821.4,200568.2,200963.8,202549.8,204045.8,206696.4,207486.9,210525.7,211045.9,212978.1,215996.0,219250.6,222144.0,225324.4,224189.3,202343.0,224104.2,225158.0,231060.0,236055.5,239977.1,247682.2,251546.6,261186.3,265948.8,271664.8,277741.3,280053.4,286651.8,288624.2,291148.0,294281.0,297238.9,298833.3,298993.7,304353.0,311071.5,313171.5,317200.4
 "22000","Louisiana",5,SQGDP1,1,"...","Real GDP (millions of chained 2017 dollars) 1/","Millions of chained 2017 dollars",250227.8,252624.8,248166.9,247224.2,249031.9,248218.9,245891.8,245416.2,236389.5,234038.1,233026.0,233412.1,232582.2,236561.9,238204.0,240898.3,241061.2,239616.8,241698.6,245098.6,250730.6,254520.2,256816.6,251800.3,243654.0,240744.0,238422.2,242123.3,244993.3,246509.6,240497.8,237666.7,237559.3,235252.0,235913.7,237204.1,236249.6,242857.9,246246.4,246817.7,242406.8,239747.6,239240.2,236942.0,235916.6,235354.0,235183.0,235763.1,238484.4,239621.5,240509.6,240707.4,244518.7,245080.4,245263.3,246018.7,246401.7,245995.5,247654.1,246646.5,235384.3,212743.5,226184.8,228231.4,235542.6,242847.7,244566.0,247371.9,239924.7,239242.1,239700.1,241305.3,244671.6,246059.8,250317.4,254748.8,254462.5,257224.8,258194.8,258341.4,256860.2,259398.6,261644.6,261805.2,263713.6
 "22000","Louisiana",5,SQGDP1,2,"...","Chain-type quantity indexes for real GDP ","Quantity index",104.335,105.335,103.476,103.083,103.837,103.498,102.527,102.329,98.565,97.585,97.163,97.324,96.978,98.637,99.322,100.445,100.513,99.911,100.779,102.196,104.545,106.125,107.082,104.991,101.594,100.381,99.413,100.956,102.153,102.785,100.278,99.098,99.053,98.091,98.367,98.905,98.507,101.262,102.675,102.913,101.074,99.965,99.754,98.796,98.368,98.133,98.062,98.304,99.439,99.913,100.283,100.366,101.955,102.189,102.265,102.580,102.740,102.570,103.262,102.842,98.146,88.706,94.310,95.164,98.212,101.258,101.974,103.144,100.039,99.755,99.946,100.615,102.018,102.597,104.373,106.220,106.101,107.253,107.657,107.718,107.101,108.159,109.096,109.162,109.958
 "22000","Louisiana",5,SQGDP1,3,"...","Current-dollar GDP (millions of current dollars) ","Millions of current dollars",192607.3,198094.4,200998.6,205556.3,206038.0,208335.2,208257.8,206368.0,201474.4,203472.4,203884.1,206254.4,208416.1,216183.0,218858.4,211756.6,206147.4,202638.1,205087.0,210573.5,219492.6,225366.7,230578.1,230785.1,228031.3,229994.6,229964.1,234084.7,237399.5,238823.6,234864.1,232756.3,232383.1,229613.8,231214.4,233399.7,233603.4,241081.0,245171.1,244004.6,236895.8,235842.4,234483.8,230075.0,225831.1,226849.3,227244.3,229836.3,235216.7,237534.7,241327.3,245244.3,252963.9,256286.2,257772.3,258755.3,258051.9,257556.6,257870.6,256516.9,243794.6,217348.4,234390.2,239074.8,253257.0,268580.3,278599.9,291816.0,293541.8,305531.7,307943.8,310179.9,314442.8,312963.6,319919.2,324851.7,325239.6,329171.4,330303.0,331977.4,332840.3,336798.6,343643.9,347036.5,353977.1
 "23000","Maine",1,SQGDP1,1,"...","Real GDP (millions of chained 2017 dollars) 1/","Millions of chained 2017 dollars",59123.0,59462.3,59602.2,60171.2,59870.5,60199.8,59808.7,60064.8,59301.5,60113.2,60346.5,60369.4,60381.5,60469.0,59994.8,58535.0,58025.3,58416.5,59040.6,59605.0,59521.7,59974.7,60460.7,59877.1,59387.6,59215.3,59129.1,59986.9,59499.8,59841.7,59256.5,58128.8,59236.0,58667.9,58946.6,59205.3,58879.6,59283.3,59844.8,60351.6,59728.4,60491.7,60746.0,61285.8,61501.8,62152.8,62022.1,62471.6,62626.9,62551.0,63144.9,63679.7,64389.5,64747.8,65140.3,64947.6,65368.4,65944.8,67321.8,68398.5,68249.1,63753.9,68574.2,69979.5,70351.7,71187.1,71796.2,72078.9,72689.6,72832.8,72391.1,73623.9,74440.7,74925.4,76150.1,76540.1,77452.9,77311.4,77856.6,78413.5,77496.8,77953.3,78681.1,78672.2,78936.3
 "23000","Maine",1,SQGDP1,2,"...","Chain-type quantity indexes for real GDP ","Quantity index",93.845,94.384,94.606,95.509,95.032,95.554,94.934,95.340,94.128,95.417,95.787,95.824,95.843,95.982,95.229,92.912,92.103,92.724,93.714,94.610,94.478,95.197,95.968,95.042,94.265,93.992,93.855,95.216,94.443,94.986,94.057,92.267,94.024,93.123,93.565,93.976,93.459,94.100,94.991,95.795,94.806,96.018,96.421,97.278,97.621,98.654,98.447,99.160,99.407,99.286,100.229,101.078,102.205,102.773,103.396,103.090,103.758,104.673,106.859,108.568,108.331,101.196,108.847,111.078,111.668,112.994,113.961,114.410,115.379,115.607,114.905,116.862,118.159,118.928,120.872,121.491,122.940,122.715,123.581,124.465,123.010,123.734,124.889,124.875,125.294
 "23000","Maine",1,SQGDP1,3,"...","Current-dollar GDP (millions of current dollars) ","Millions of current dollars",46238.9,46759.7,47173.5,47940.2,48212.9,48866.3,49023.2,49454.8,49308.6,50270.7,50726.1,50859.6,50935.1,51066.7,51223.7,50782.0,50690.4,51107.3,51729.3,52277.8,52136.6,52765.9,53304.4,53003.2,52710.4,52765.6,53066.2,53875.8,53793.3,54480.8,54259.0,53540.7,54820.8,54409.5,54946.4,55522.5,55346.4,56094.8,56940.6,57767.5,57470.7,58543.0,59145.3,59864.2,60207.1,61180.2,61161.2,61820.1,62257.2,62335.6,63255.9,64153.7,65274.1,66097.7,66697.9,66794.2,67642.3,68673.7,70533.6,71985.3,72490.3,67781.9,73582.2,75384.2,76581.1,78679.6,80469.3,81900.2,84109.1,85701.2,86329.5,89102.7,91246.3,92745.1,95050.2,95933.7,97865.5,98338.8,99529.7,100962.4,100606.5,102032.3,103894.6,104841.3,105993.1
 "24000","Maryland",2,SQGDP1,1,"...","Real GDP (millions of chained 2017 dollars) 1/","Millions of chained 2017 dollars",319615.5,323322.6,329217.8,330422.1,328507.5,328771.5,330238.5,331978.5,328863.4,332357.5,331458.7,334374.5,337666.4,340914.2,339643.9,334437.0,331906.6,334275.5,336949.3,342011.6,347199.4,351031.3,353704.8,358556.1,356574.2,360262.4,360945.8,362841.0,363302.5,360178.5,363193.0,359573.2,364294.7,362927.9,365003.6,366306.8,365053.7,370519.7,373964.6,371837.8,376581.3,377179.1,379438.8,381784.4,386352.7,390599.1,393758.7,397093.3,396293.5,398024.3,400397.6,404142.7,401387.7,402903.9,402950.9,402681.0,397378.6,401766.7,404411.1,406468.6,395815.6,370573.7,394480.4,395844.8,407569.4,404274.7,405909.0,410887.3,410997.3,412214.9,413488.9,413981.5,416584.5,417401.6,423457.9,424787.8,430281.1,430637.0,435229.4,436276.0,433932.2,435433.9,439504.9,435816.9,437403.7
 "24000","Maryland",2,SQGDP1,2,"...","Chain-type quantity indexes for real GDP ","Quantity index",79.961,80.888,82.363,82.665,82.186,82.252,82.619,83.054,82.275,83.149,82.924,83.653,84.477,85.289,84.972,83.669,83.036,83.629,84.297,85.564,86.862,87.820,88.489,89.703,89.207,90.130,90.301,90.775,90.890,90.109,90.863,89.957,91.139,90.797,91.316,91.642,91.329,92.696,93.558,93.026,94.213,94.362,94.927,95.514,96.657,97.720,98.510,99.344,99.144,99.577,100.171,101.108,100.419,100.798,100.810,100.742,99.416,100.513,101.175,101.690,99.025,92.710,98.691,99.032,101.965,101.141,101.550,102.795,102.823,103.127,103.446,103.569,104.221,104.425,105.940,106.273,107.647,107.736,108.885,109.147,108.561,108.936,109.955,109.032,109.429
 "24000","Maryland",2,SQGDP1,3,"...","Current-dollar GDP (millions of current dollars) ","Millions of current dollars",254418.3,259054.2,265501.7,268207.0,269556.0,272072.9,275258.2,278276.8,278077.5,282480.2,283358.4,286556.8,289962.6,293005.0,294276.9,294388.7,294262.4,296494.8,298941.1,303432.8,307565.5,312301.0,315181.1,320674.5,319568.9,324166.9,326857.1,329090.6,331153.7,330092.1,334151.1,332079.2,337424.2,337124.7,340503.2,344530.9,344091.9,350826.6,356149.2,355904.8,362679.5,364853.7,369066.6,372656.7,378441.2,384690.7,388986.2,393867.3,394172.6,396851.4,401108.8,406725.3,406417.6,410635.0,412218.6,413815.9,411432.0,417564.8,422477.4,426092.4,418159.8,392586.9,420574.8,423896.6,440392.3,441050.2,448485.5,460929.0,468290.0,478169.9,486810.5,494175.2,503716.3,509321.6,521396.5,525709.1,537346.4,541683.9,550296.0,554787.1,556479.8,563981.4,574376.6,577721.0,581175.2
 "25000","Massachusetts",1,SQGDP1,1,"...","Real GDP (millions of chained 2017 dollars) 1/","Millions of chained 2017 dollars",413546.1,414641.1,419380.5,420734.7,423923.8,426093.3,424725.5,432961.9,433482.3,437340.7,442939.9,447732.5,450163.5,453733.0,447911.8,438298.8,438454.7,438429.8,441959.4,446386.4,453493.8,460133.8,467871.2,467824.2,463082.3,477695.9,471180.6,478698.2,479865.9,484438.4,485580.5,483260.5,484140.0,484452.2,488789.7,490585.2,487401.1,491619.4,499519.7,506463.5,509447.8,515058.7,514004.1,519084.4,517436.5,520488.2,525355.3,523371.1,523363.0,527240.0,532282.4,537632.4,544255.9,548661.1,551199.4,552931.8,559139.1,562866.6,569870.3,573431.2,573469.4,526485.9,564617.0,577010.9,581795.0,594783.2,604845.1,608256.7,603109.6,605391.1,604341.1,617040.7,609329.1,611693.0,616341.5,621780.9,623365.8,629680.6,632839.7,629261.6,635775.7,642813.7,648082.1,650043.7,653909.8
 "25000","Massachusetts",1,SQGDP1,2,"...","Chain-type quantity indexes for real GDP ","Quantity index",78.009,78.215,79.109,79.365,79.966,80.375,80.117,81.671,81.769,82.497,83.553,84.457,84.916,85.589,84.491,82.678,82.707,82.702,83.368,84.203,85.544,86.797,88.256,88.247,87.353,90.109,88.880,90.298,90.519,91.381,91.597,91.159,91.325,91.384,92.202,92.541,91.940,92.736,94.226,95.536,96.099,97.157,96.958,97.917,97.606,98.181,99.099,98.725,98.724,99.455,100.406,101.415,102.665,103.496,103.975,104.301,105.472,106.175,107.496,108.168,108.175,99.313,106.506,108.843,109.746,112.196,114.094,114.737,113.766,114.197,113.999,116.394,114.940,115.386,116.262,117.289,117.587,118.779,119.375,118.700,119.928,121.256,122.250,122.620,123.349
 "25000","Massachusetts",1,SQGDP1,3,"...","Current-dollar GDP (millions of current dollars) ","Millions of current dollars",334948.8,337902.7,343527.5,346172.1,352132.1,357016.3,357820.4,366704.4,370102.8,374820.5,381214.6,385804.4,388216.6,390574.6,388092.8,384809.7,386559.5,386365.6,389523.6,393406.8,399378.6,407111.7,414626.0,415963.6,412484.1,427092.9,423746.7,431415.8,435069.8,441407.0,444621.9,444396.9,447000.3,448732.7,454854.4,459734.1,457927.1,463978.2,474282.6,483111.7,489107.5,497348.2,499009.4,505602.8,506097.5,512379.4,518874.1,519081.1,520552.5,525711.5,533293.6,540960.2,550614.3,558443.4,562943.3,566419.1,576212.5,583353.9,593435.4,599276.3,603984.4,554926.9,598506.0,614004.9,624243.4,643143.2,660879.2,672969.3,676620.5,689759.3,697361.7,721550.7,722059.8,731611.2,743456.9,754341.7,763972.5,777582.3,786043.2,786495.8,799488.8,813670.2,828256.7,839003.8,849147.7
 "26000","Michigan",3,SQGDP1,1,"...","Real GDP (millions of chained 2017 dollars) 1/","Millions of chained 2017 dollars",495295.8,496170.7,491933.7,491784.8,485281.5,485943.5,483215.1,480614.3,485185.1,485490.4,485339.9,475724.9,467558.9,463418.3,451749.4,438300.1,411064.1,413803.9,415778.7,424541.5,426056.2,439940.6,450232.9,448856.3,451041.3,449938.0,451636.2,463340.8,462320.0,463293.0,464423.9,463173.4,471261.3,471049.9,473816.6,474991.7,472767.2,479783.7,483288.7,482300.1,485874.8,490429.4,492803.4,493367.2,494035.7,500885.4,501228.5,504488.6,502333.0,504804.5,504297.9,508970.7,516834.2,517627.3,517394.4,515516.0,514034.2,518378.8,524474.7,527452.4,518254.2,456535.1,515571.1,520128.8,520204.4,530890.9,530175.4,533536.4,537786.5,537571.4,540574.6,543297.4,548359.7,552386.1,558469.8,559009.3,557328.7,563996.1,562756.7,564629.0,561025.8,566019.2,573120.2,575297.6,575812.1
 "26000","Michigan",3,SQGDP1,2,"...","Chain-type quantity indexes for real GDP ","Quantity index",98.059,98.232,97.393,97.364,96.076,96.207,95.667,95.152,96.057,96.117,96.088,94.184,92.567,91.748,89.437,86.775,81.382,81.925,82.316,84.051,84.351,87.099,89.137,88.865,89.297,89.079,89.415,91.732,91.530,91.723,91.947,91.699,93.300,93.258,93.806,94.039,93.598,94.988,95.682,95.486,96.193,97.095,97.565,97.677,97.809,99.165,99.233,99.879,99.452,99.941,99.841,100.766,102.323,102.480,102.434,102.062,101.768,102.629,103.836,104.425,102.604,90.385,102.073,102.975,102.990,105.106,104.964,105.630,106.471,106.428,107.023,107.562,108.564,109.361,110.566,110.673,110.340,111.660,111.415,111.785,111.072,112.060,113.466,113.897,113.999
 "26000","Michigan",3,SQGDP1,3,"...","Current-dollar GDP (millions of current dollars) ","Millions of current dollars",402076.5,404258.7,402170.6,402809.5,400260.4,403341.9,403346.9,403200.1,410725.3,412608.9,413765.8,405352.0,397976.5,394534.0,388836.4,385187.6,365788.2,369530.1,372021.2,379488.4,379211.5,392084.3,401075.7,400347.1,403012.1,403455.2,407717.1,419232.1,421535.2,425312.9,428570.3,429145.9,437863.4,438486.0,442885.4,446648.5,445677.3,454678.4,460997.1,463141.1,470410.3,478099.0,483214.1,485167.3,486347.3,495482.4,496139.4,501041.2,500362.4,503513.7,504987.4,511542.5,521749.3,525637.3,526969.5,526607.0,528735.5,536296.1,545306.7,550610.8,544877.2,479980.8,545279.4,550507.9,554021.7,571645.3,577869.6,589780.9,605578.6,617281.6,630329.3,643503.2,659344.1,671049.8,685108.9,688620.5,691456.8,703328.8,704424.6,710657.5,711619.9,722971.7,738308.0,747370.6,754308.1
 "27000","Minnesota",4,SQGDP1,1,"...","Real GDP (millions of chained 2017 dollars) 1/","Millions of chained 2017 dollars",299491.4,299933.8,304936.0,302683.7,303182.1,305491.4,300116.4,300300.9,300125.0,304862.0,304533.5,307311.5,310307.7,310758.7,313375.3,302719.8,296080.6,295035.8,295782.0,300602.5,301025.2,305072.4,309866.6,316403.2,311827.5,317343.8,315004.8,316677.2,320691.2,320660.5,322096.0,320767.6,324710.0,327180.0,333101.2,334106.8,332424.6,337987.2,342642.0,341441.8,345361.8,343996.2,345331.1,347135.9,346601.0,348006.1,353955.8,353851.5,356459.9,354121.3,352183.8,356122.5,361044.1,363643.2,366978.9,367532.6,365533.0,367627.0,371869.3,373440.2,365684.4,338101.1,361128.7,366411.9,371706.8,380592.0,377716.0,381888.4,381472.3,385791.6,389255.7,387167.4,386979.8,387306.6,390451.9,394719.7,394496.9,397452.3,402551.0,402513.1,401421.6,404755.7,407467.0,409700.0,409971.5
 "27000","Minnesota",4,SQGDP1,2,"...","Chain-type quantity indexes for real GDP ","Quantity index",84.430,84.555,85.965,85.330,85.470,86.121,84.606,84.658,84.609,85.944,85.851,86.635,87.479,87.606,88.344,85.340,83.468,83.174,83.384,84.743,84.862,86.003,87.355,89.198,87.908,89.463,88.803,89.275,90.406,90.398,90.802,90.428,91.539,92.236,93.905,94.188,93.714,95.282,96.595,96.256,97.361,96.976,97.353,97.861,97.711,98.107,99.784,99.755,100.490,99.831,99.284,100.395,101.782,102.515,103.455,103.611,103.048,103.638,104.834,105.277,103.090,95.314,101.806,103.296,104.788,107.293,106.482,107.659,107.541,108.759,109.735,109.147,109.094,109.186,110.073,111.276,111.213,112.046,113.484,113.473,113.165,114.105,114.869,115.499,115.575
 "27000","Minnesota",4,SQGDP1,3,"...","Current-dollar GDP (millions of current dollars) ","Millions of current dollars",240537.3,242410.9,248112.2,247481.1,250129.0,254199.0,251741.3,253361.2,256022.5,261379.9,262340.4,265260.1,267769.6,268220.4,272703.8,266392.2,261668.0,260851.5,261610.9,266384.8,266784.8,271409.6,276449.6,283952.7,281527.0,288440.9,288333.4,289982.0,295730.2,297252.3,300555.1,301028.2,306307.1,308557.5,315026.0,317117.7,316381.8,323623.4,329313.9,329486.9,334488.2,334955.7,337716.2,339887.9,339483.2,342602.2,348861.4,350048.3,354318.6,353005.1,352874.6,358689.3,365783.6,371015.0,375514.1,377444.3,377433.0,382033.9,388345.0,391588.8,386199.8,356022.4,383240.9,390414.5,399945.6,415676.5,418761.8,430183.6,439679.7,454722.4,465557.2,469615.9,474737.7,478550.7,486245.7,493354.0,497129.4,503776.8,513063.7,516781.3,519743.8,527259.5,535819.1,543037.3,547927.2
 "28000","Mississippi",5,SQGDP1,1,"...","Real GDP (millions of chained 2017 dollars) 1/","Millions of chained 2017 dollars",102595.1,102673.2,103088.0,106410.7,104563.0,106159.5,106036.3,106760.8,106494.9,106645.6,108214.5,109500.5,109873.6,111201.9,109553.6,107107.0,105739.1,105436.0,105044.0,105220.9,105854.1,106816.8,107258.3,106917.9,105782.4,106060.7,106303.5,107817.7,109763.5,109540.8,108502.2,106779.3,109425.6,107946.6,110130.8,108627.7,108009.5,110003.8,109578.2,109606.8,108806.3,109428.8,109782.8,109588.9,110382.5,109873.0,109590.4,109798.2,110781.6,110037.7,110052.1,110254.3,110109.5,110597.5,110112.7,109879.4,109403.6,110093.0,111734.2,113600.4,113481.4,103486.6,113401.7,114410.4,116393.1,116221.0,115679.9,116019.4,115312.8,114788.7,115519.1,117180.8,117895.2,118610.5,119913.4,121397.7,121687.7,122953.4,124259.7,124776.4,124952.5,124683.8,126162.2,125629.3,126403.5
 "28000","Mississippi",5,SQGDP1,2,"...","Chain-type quantity indexes for real GDP ","Quantity index",93.030,93.101,93.477,96.490,94.815,96.262,96.151,96.808,96.566,96.703,98.126,99.292,99.630,100.835,99.340,97.122,95.881,95.606,95.251,95.411,95.985,96.858,97.259,96.950,95.920,96.173,96.393,97.766,99.530,99.328,98.387,96.824,99.224,97.883,99.863,98.500,97.940,99.748,99.362,99.388,98.662,99.227,99.548,99.372,100.092,99.630,99.373,99.562,100.454,99.779,99.792,99.975,99.844,100.287,99.847,99.635,99.204,99.829,101.317,103.010,102.902,93.839,102.829,103.744,105.542,105.386,104.895,105.203,104.562,104.087,104.749,106.256,106.904,107.553,108.734,110.080,110.343,111.491,112.675,113.144,113.303,113.060,114.400,113.917,114.619
 "28000","Mississippi",5,SQGDP1,3,"...","Current-dollar GDP (millions of current dollars) ","Millions of current dollars",81178.5,81755.6,82819.8,86212.6,85496.2,87479.8,88230.8,89179.9,89937.7,90798.6,92668.8,94100.8,94685.6,96226.3,95682.3,94122.9,92843.9,92278.9,91943.6,92445.6,93252.1,94648.4,95459.4,95793.3,95331.4,96170.3,97115.4,98579.2,100975.0,101441.4,101143.1,100062.0,102971.0,101688.4,104225.0,103285.9,103174.5,105804.2,105767.6,106131.6,105478.0,106575.0,107320.3,107122.2,107649.3,107722.9,107571.3,108238.1,109946.9,109577.9,110271.2,111329.7,112124.4,113508.5,113405.7,113626.9,113694.1,114835.6,116948.5,119064.5,119268.1,108470.0,120020.3,122008.0,126390.4,129281.5,131420.6,134525.8,137078.5,140086.4,142953.7,146778.2,148918.7,150084.1,152720.2,154324.6,155307.2,157262.6,159268.8,160930.9,162627.6,163286.4,166735.2,167627.9,169706.9
 "29000","Missouri",4,SQGDP1,1,"...","Real GDP (millions of chained 2017 dollars) 1/","Millions of chained 2017 dollars",283225.2,285138.2,285894.4,287109.1,286626.5,288256.2,285549.0,285801.5,282683.5,287473.3,289950.4,293176.2,295021.9,300985.0,295923.5,299596.7,289656.2,288063.4,289559.9,290987.7,295108.1,295922.3,296912.9,296002.5,291686.4,292631.0,292476.0,295143.6,297174.2,297130.2,295762.5,295990.2,301962.5,301564.3,302165.9,302409.9,299091.2,302437.6,305669.8,307272.8,307430.2,308764.1,309245.8,306599.6,308293.8,307446.8,307698.5,310254.1,308978.8,311063.5,311440.1,313612.6,311738.5,314187.3,314970.5,315833.3,316716.3,319361.9,323476.0,325762.1,320973.3,296881.3,320474.7,326305.0,327706.8,332682.9,332092.2,333829.9,334486.3,336350.1,338202.0,339863.4,342704.9,345488.5,348291.3,351096.5,350720.9,352152.3,354653.7,355702.8,353763.2,356516.6,360442.2,361141.4,361717.5
 "29000","Missouri",4,SQGDP1,2,"...","Chain-type quantity indexes for real GDP ","Quantity index",90.989,91.604,91.847,92.237,92.082,92.605,91.736,91.817,90.815,92.354,93.150,94.186,94.779,96.695,95.069,96.249,93.055,92.543,93.024,93.483,94.807,95.068,95.386,95.094,93.707,94.011,93.961,94.818,95.470,95.456,95.017,95.090,97.009,96.881,97.074,97.152,96.086,97.161,98.200,98.715,98.765,99.194,99.348,98.498,99.043,98.771,98.851,99.672,99.263,99.932,100.053,100.751,100.149,100.936,101.188,101.465,101.748,102.598,103.920,104.655,103.116,95.376,102.956,104.829,105.279,106.878,106.688,107.246,107.457,108.056,108.651,109.185,110.098,110.992,111.892,112.793,112.673,113.133,113.936,114.273,113.650,114.535,115.796,116.021,116.206
 "29000","Missouri",4,SQGDP1,3,"...","Current-dollar GDP (millions of current dollars) ","Millions of current dollars",223766.3,226588.6,228761.6,231262.1,233039.8,236540.1,236153.0,237534.4,237416.9,242940.1,246300.2,249683.9,251704.5,257043.2,255224.5,261752.2,254224.0,252704.5,254295.8,256000.6,259696.8,261756.4,263148.4,263451.9,260285.8,262384.7,263984.7,266664.9,270406.9,272181.4,272818.3,274523.0,281299.8,281280.7,282999.5,285058.7,282658.9,287545.8,292075.0,295083.2,296773.7,299795.3,301843.6,299978.1,302223.3,303086.3,303820.6,307443.0,307347.5,310063.7,311989.1,315694.8,315568.4,320204.7,321923.6,324109.9,327037.8,331896.9,338037.3,342028.6,339656.2,313821.6,341375.7,349029.5,354196.2,364717.9,369272.1,376586.0,384469.5,394271.2,401775.4,409631.3,418612.4,425762.8,432919.9,438254.1,441480.6,445964.4,451450.9,455958.9,457261.6,464131.3,473652.1,478833.9,483202.5
 "30000","Montana",7,SQGDP1,1,"...","Real GDP (millions of chained 2017 dollars) 1/","Millions of chained 2017 dollars",38821.2,38591.1,38743.1,39240.5,39350.1,39828.0,40321.7,40720.3,41571.2,42088.4,42121.0,42450.1,42475.5,42253.9,42033.8,41434.1,41126.3,40609.3,41098.8,40919.3,42122.2,42332.3,42610.1,42814.6,43255.5,43300.8,43314.0,44258.4,44426.8,44177.9,44375.3,44336.3,44914.9,44987.9,45190.6,45365.4,45480.3,46013.4,46369.0,46804.0,47709.8,47904.8,48090.3,47357.5,47078.9,46616.0,47088.8,47974.8,48109.5,48795.2,48618.3,48359.1,49453.7,49473.8,49333.5,49558.8,49745.2,49826.1,50719.0,50763.6,49774.3,47215.0,51222.9,52039.5,52683.6,53586.4,53178.2,53935.4,55915.4,55650.8,55569.4,56092.0,57643.3,58264.6,59043.7,59467.9,59568.2,60262.4,60860.8,61731.4,61102.1,61636.4,62412.5,62607.6,62772.1
 "30000","Montana",7,SQGDP1,2,"...","Chain-type quantity indexes for real GDP ","Quantity index",80.092,79.618,79.931,80.957,81.184,82.169,83.188,84.010,85.766,86.833,86.900,87.579,87.632,87.174,86.720,85.483,84.848,83.781,84.791,84.421,86.903,87.336,87.909,88.331,89.241,89.334,89.361,91.310,91.657,91.144,91.551,91.471,92.664,92.815,93.233,93.594,93.831,94.931,95.664,96.562,98.431,98.833,99.216,97.704,97.129,96.174,97.149,98.977,99.255,100.670,100.305,99.770,102.028,102.070,101.780,102.245,102.630,102.797,104.639,104.731,102.690,97.410,105.678,107.363,108.692,110.555,109.712,111.275,115.360,114.814,114.646,115.724,118.924,120.206,121.814,122.689,122.896,124.328,125.563,127.359,126.060,127.163,128.764,129.166,129.506
 "30000","Montana",7,SQGDP1,3,"...","Current-dollar GDP (millions of current dollars) ","Millions of current dollars",30216.5,30340.8,30936.7,31800.9,32071.8,32730.2,33531.9,34018.0,35206.1,36028.8,36327.7,36901.8,37041.7,37363.4,37375.7,36331.2,35836.9,35442.6,35983.1,36257.2,37558.7,37749.6,38198.9,38814.2,39810.9,40356.4,40661.0,41540.8,41988.8,41846.6,42262.6,42502.7,43341.4,43395.4,43759.6,43839.5,44249.4,45180.5,45526.4,45858.7,46259.8,46850.3,47005.2,46054.3,45342.2,45268.5,45852.3,46974.7,47635.7,48545.5,48700.6,49000.4,50663.4,51131.1,51194.7,51619.1,51861.5,52162.1,53275.5,53563.2,52633.0,49255.3,54402.5,55938.5,57666.0,59952.1,60687.5,62953.4,67034.1,68935.7,69613.4,70767.8,73122.7,73966.0,75512.5,76159.9,76607.8,77860.1,78848.6,80447.6,80653.0,81559.2,83185.6,84033.2,85159.9
 "31000","Nebraska",4,SQGDP1,1,"...","Real GDP (millions of chained 2017 dollars) 1/","Millions of chained 2017 dollars",92727.9,93695.0,95030.2,96770.7,95798.7,99248.2,96903.4,97340.9,99389.5,99528.2,99336.5,100868.8,100655.9,101892.3,100487.4,96404.8,99454.2,98679.8,100122.4,101689.1,102213.4,104002.5,104853.3,104694.0,109540.6,109209.3,108889.8,111297.1,109510.2,110481.6,109316.1,109437.3,111419.4,111088.8,111801.7,111219.0,114001.1,115948.7,115937.6,116720.3,118409.6,119734.9,120205.4,120213.5,119365.9,120225.7,121946.1,123674.7,121940.4,123301.6,123207.0,124430.5,126088.4,124965.7,125057.4,126062.3,125377.5,126155.4,128147.2,130595.3,126910.5,119685.1,128859.3,131390.1,133228.5,135815.4,135812.5,135809.0,139190.8,139108.9,141014.4,140198.3,146251.6,146414.2,147292.1,148628.2,147200.0,148608.0,148189.2,148414.1,147789.8,149665.7,151506.6,151887.5,151540.9
 "31000","Nebraska",4,SQGDP1,2,"...","Chain-type quantity indexes for real GDP ","Quantity index",75.254,76.039,77.122,78.535,77.746,80.546,78.643,78.998,80.660,80.773,80.617,81.861,81.688,82.691,81.551,78.238,80.713,80.084,81.255,82.527,82.952,84.404,85.094,84.965,88.898,88.630,88.370,90.324,88.874,89.662,88.716,88.815,90.423,90.155,90.733,90.261,92.518,94.099,94.090,94.725,96.096,97.172,97.554,97.560,96.872,97.570,98.966,100.369,98.962,100.066,99.990,100.982,102.328,101.417,101.491,102.307,101.751,102.382,103.999,105.986,102.995,97.131,104.577,106.631,108.123,110.222,110.220,110.217,112.961,112.895,114.441,113.779,118.692,118.824,119.536,120.620,119.461,120.604,120.264,120.447,119.940,121.462,122.956,123.265,122.984
 "31000","Nebraska",4,SQGDP1,3,"...","Current-dollar GDP (millions of current dollars) ","Millions of current dollars",72913.8,74076.2,75448.7,77108.0,77112.1,80392.7,79363.9,80281.1,83057.9,83743.9,84266.3,86099.6,85957.3,87298.1,86975.1,84355.8,86952.2,86067.7,87149.9,89132.2,89596.0,91619.2,92857.4,93690.3,99435.6,99868.0,100530.2,102272.4,101380.8,103143.5,103068.7,104205.6,107468.1,106793.3,107676.1,107050.4,110149.2,113344.6,113190.2,114369.2,115705.2,117457.5,118316.6,118130.0,117046.3,118451.0,120085.8,121976.3,121195.3,122976.1,123413.0,125295.1,127680.7,127340.3,127595.5,129201.0,129089.4,130856.1,134020.7,137426.7,135011.4,126533.6,137380.6,141132.5,144804.1,151079.6,153282.0,154644.5,162226.4,166155.0,170727.8,172251.5,181682.1,182304.9,184871.6,186265.0,186300.8,188962.0,189800.1,191907.7,193129.9,196276.2,200484.7,202402.4,202529.3
 "32000","Nevada",8,SQGDP1,1,"...","Real GDP (millions of chained 2017 dollars) 1/","Millions of chained 2017 dollars",147407.4,152044.4,150993.3,152278.3,154678.3,156888.1,156121.8,157503.2,156876.1,156783.8,157527.6,159749.8,155910.3,153816.1,152907.6,148348.4,143218.9,140143.4,138674.0,139181.0,139689.3,142042.3,144001.1,144723.9,143001.2,145703.0,144410.0,144250.6,143864.7,143238.9,142934.6,141906.1,144167.6,143484.8,144467.7,146077.0,143523.1,144371.3,145775.9,147544.0,148414.9,150694.0,151743.3,153371.3,153211.7,154219.3,158272.5,158326.1,161418.9,162573.2,164735.4,164068.8,167517.3,167927.6,168470.2,170639.0,173525.4,174565.5,176929.3,179098.7,176889.9,149943.6,167210.6,169655.2,173346.5,181517.6,186395.5,189213.7,190600.5,194866.1,195614.0,196775.1,198464.9,199726.2,202425.1,204018.2,205489.1,206299.0,208007.9,209611.4,208448.8,210269.9,212406.9,212531.8,214036.6
 "32000","Nevada",8,SQGDP1,2,"...","Chain-type quantity indexes for real GDP ","Quantity index",90.324,93.165,92.521,93.308,94.779,96.133,95.663,96.510,96.126,96.069,96.525,97.886,95.534,94.251,93.694,90.900,87.757,85.873,84.972,85.283,85.594,87.036,88.236,88.679,87.624,89.279,88.487,88.389,88.153,87.769,87.583,86.953,88.339,87.920,88.522,89.508,87.944,88.463,89.324,90.407,90.941,92.338,92.981,93.978,93.880,94.498,96.981,97.014,98.909,99.616,100.941,100.533,102.646,102.897,103.230,104.559,106.327,106.965,108.413,109.743,108.389,91.878,102.458,103.956,106.218,111.225,114.214,115.940,116.790,119.404,119.862,120.574,121.609,122.382,124.036,125.012,125.913,126.409,127.457,128.439,127.727,128.843,130.152,130.229,131.151
 "32000","Nevada",8,SQGDP1,3,"...","Current-dollar GDP (millions of current dollars) ","Millions of current dollars",112723.2,117498.7,118018.4,120420.3,123549.2,126598.6,127057.7,129248.2,130066.3,130837.7,132363.1,134914.7,131945.3,130973.9,131176.5,128187.8,124491.9,122128.9,121191.9,122072.2,122544.0,124518.4,126231.9,127301.9,126331.2,129577.9,129066.1,129578.3,130287.9,130272.9,130442.4,129949.7,132329.3,132266.1,133952.7,135822.0,133906.2,135693.6,137823.3,140250.6,141869.3,145248.0,146975.8,149054.3,149118.4,151407.1,156033.0,156713.4,160531.6,162098.1,164916.0,165250.5,169919.8,171414.6,172917.1,175940.2,180191.7,182726.4,186118.5,189407.8,187727.1,157624.3,177954.5,181409.0,187171.3,198563.5,207438.7,215193.7,221315.2,231272.8,236082.8,241080.7,246326.5,250690.3,256390.9,260365.6,264093.0,267322.6,270553.7,274072.7,275701.8,279206.9,284135.9,286770.4,292609.0
 "33000","New Hampshire",1,SQGDP1,1,"...","Real GDP (millions of chained 2017 dollars) 1/","Millions of chained 2017 dollars",68917.4,69542.1,69893.3,69871.8,70346.9,70480.4,71204.3,73666.4,71120.0,72853.0,71797.9,72003.1,72142.1,71916.7,71339.2,69384.5,69455.9,69518.0,71395.1,71625.3,71513.3,73405.9,73476.3,73406.0,72372.7,73686.9,73314.4,74485.9,73397.5,73704.2,74239.8,74989.7,75177.1,75228.9,75694.2,75913.5,75236.0,77041.7,76718.0,78349.2,77645.7,79127.8,79405.4,81098.4,80185.8,80729.7,81280.8,80748.2,80634.5,80570.2,81878.1,81635.4,82406.5,82141.5,82367.1,82162.9,84347.2,84175.4,84688.6,84541.5,85518.6,77594.6,84964.7,86653.6,86137.6,90589.1,91143.8,93316.3,90291.4,91670.8,92264.2,92582.0,92688.2,93229.1,93931.1,94734.8,94423.0,94929.1,95037.4,95314.5,95782.4,96255.0,97541.6,97920.2,98359.4
 "33000","New Hampshire",1,SQGDP1,2,"...","Chain-type quantity indexes for real GDP ","Quantity index",84.895,85.665,86.097,86.071,86.656,86.820,87.712,90.745,87.608,89.743,88.443,88.696,88.867,88.590,87.878,85.470,85.558,85.635,87.947,88.231,88.093,90.424,90.511,90.424,89.151,90.770,90.311,91.755,90.414,90.792,91.451,92.375,92.606,92.670,93.243,93.513,92.679,94.903,94.504,96.513,95.647,97.473,97.815,99.900,98.776,99.446,100.125,99.469,99.329,99.249,100.861,100.562,101.511,101.185,101.463,101.211,103.902,103.690,104.323,104.141,105.345,95.584,104.663,106.743,106.108,111.591,112.274,114.951,111.224,112.924,113.654,114.046,114.177,114.843,115.708,116.698,116.314,116.937,117.071,117.412,117.988,118.570,120.155,120.622,121.163
 "33000","New Hampshire",1,SQGDP1,3,"...","Current-dollar GDP (millions of current dollars) ","Millions of current dollars",55930.8,56735.0,57327.2,57665.4,58618.6,59179.9,60218.5,62593.8,60946.8,62696.1,62025.4,62270.8,62393.9,62216.9,62231.5,61538.9,62053.0,62179.7,63922.0,64054.3,63798.6,65697.7,65821.4,65925.5,65126.7,66574.5,66677.9,67850.3,67290.2,67953.0,68695.9,69709.0,70130.7,70408.7,71204.9,71845.4,71374.7,73443.5,73525.9,75476.4,75258.8,77070.2,77687.4,79526.8,78799.0,79709.8,80395.6,80134.3,80234.2,80350.2,82001.6,82132.4,83363.3,83651.5,84166.1,84256.6,87041.5,87416.5,88411.5,88603.2,90394.3,82177.4,90732.3,92862.4,93095.9,99065.7,100904.8,104666.8,102908.8,106087.7,108204.5,110097.2,111670.8,113556.6,115429.7,117054.1,117630.7,119084.8,119776.7,120854.4,122441.9,124166.9,126921.1,128562.8,130287.6
 "34000","New Jersey",2,SQGDP1,1,"...","Real GDP (millions of chained 2017 dollars) 1/","Millions of chained 2017 dollars",540897.9,544331.1,550017.5,550184.6,551207.6,557455.4,553845.3,558335.6,551520.3,559983.5,561221.4,570570.0,578686.9,579775.9,575112.0,559235.8,546192.7,541793.9,546084.9,551377.2,555460.2,553984.9,556727.5,552884.8,543477.7,547738.9,547471.3,555229.5,560766.1,559920.6,564709.5,557522.7,573238.9,569459.5,569486.0,571625.3,565498.4,570165.3,572942.7,574179.2,578172.1,582408.9,583172.5,581906.3,586460.2,585580.8,587739.1,588418.5,585056.5,588174.0,591717.0,595399.5,602636.5,604530.5,608602.2,611799.6,613573.3,615760.2,621655.5,623774.9,620694.8,555839.9,604973.8,612416.6,622420.4,623921.5,631954.7,646336.5,642797.0,647380.3,650538.2,653334.2,655462.8,657089.9,666061.5,670666.4,670598.3,674302.6,678139.3,680550.1,681313.1,686018.8,691824.1,693339.8,694785.2
 "34000","New Jersey",2,SQGDP1,2,"...","Chain-type quantity indexes for real GDP ","Quantity index",91.664,92.246,93.210,93.238,93.411,94.470,93.858,94.619,93.464,94.899,95.108,96.693,98.068,98.253,97.462,94.772,92.561,91.816,92.543,93.440,94.132,93.882,94.347,93.696,92.101,92.823,92.778,94.093,95.031,94.888,95.699,94.481,97.145,96.504,96.509,96.871,95.833,96.624,97.095,97.304,97.981,98.699,98.828,98.614,99.385,99.236,99.602,99.717,99.148,99.676,100.276,100.900,102.127,102.448,103.138,103.680,103.980,104.351,105.350,105.709,105.187,94.196,102.523,103.784,105.479,105.734,107.095,109.532,108.933,109.709,110.245,110.718,111.079,111.355,112.875,113.656,113.644,114.272,114.922,115.331,115.460,116.257,117.241,117.498,117.743
 "34000","New Jersey",2,SQGDP1,3,"...","Current-dollar GDP (millions of current dollars) ","Millions of current dollars",427581.6,432795.0,440393.8,443487.2,448686.0,458536.5,458982.8,464520.6,463519.2,473150.0,476530.8,484958.6,493231.8,494159.8,495973.2,489792.5,481548.9,477293.8,481476.3,485491.8,488831.3,490176.8,493598.4,492309.4,485548.6,492352.4,495726.3,503543.9,511956.3,513992.5,521260.2,517184.0,533388.8,530993.5,533314.9,539151.3,534597.8,541546.7,547530.9,551621.2,559132.5,565774.9,569067.6,569255.7,575158.4,576787.7,579830.4,582829.1,581449.8,586145.5,593008.9,599742.8,610361.3,616596.6,622460.5,627942.3,633477.0,639395.6,648153.3,652244.7,652963.8,584774.5,640821.3,651689.6,669882.8,680473.8,699281.6,725296.9,733922.3,751781.6,763630.6,776527.8,789289.3,798048.4,815347.5,824890.9,831942.7,841980.0,850891.1,859187.8,865908.3,879922.2,896408.1,906459.6,916127.8
 "35000","New Mexico",6,SQGDP1,1,"...","Real GDP (millions of chained 2017 dollars) 1/","Millions of chained 2017 dollars",86709.4,86828.5,85759.8,85886.0,88052.7,88389.6,88618.0,89157.6,88907.6,89621.4,90119.6,88920.8,87745.8,88034.5,88691.8,91579.3,91369.2,90526.9,90742.8,90677.8,89966.0,90196.1,90480.6,92241.4,89099.1,90588.5,90749.4,91772.2,90951.9,91981.3,90670.9,89445.4,89795.6,89810.3,89958.7,90851.6,90615.4,91792.5,93212.1,94864.3,93986.5,93478.5,93441.1,93109.4,93294.1,93211.4,92739.2,92929.3,92535.1,92937.1,93508.3,93859.7,94891.4,96006.7,96381.6,97028.4,98030.7,99652.6,101756.4,101929.1,101469.8,93196.9,98469.1,98880.3,100362.7,100729.3,101956.1,102948.7,102533.1,102084.1,104784.9,107449.3,110087.2,113863.9,115007.4,117278.3,116928.0,118784.8,119850.2,120614.9,119098.8,120775.1,121924.7,121608.9,122529.3
 "35000","New Mexico",6,SQGDP1,2,"...","Chain-type quantity indexes for real GDP ","Quantity index",93.026,93.154,92.007,92.142,94.467,94.828,95.073,95.652,95.384,96.150,96.684,95.398,94.138,94.447,95.153,98.250,98.025,97.121,97.353,97.283,96.520,96.767,97.072,98.961,95.590,97.187,97.360,98.457,97.577,98.682,97.276,95.961,96.337,96.353,96.512,97.470,97.216,98.479,100.002,101.775,100.833,100.288,100.248,99.892,100.090,100.001,99.495,99.699,99.276,99.707,100.320,100.697,101.804,103.000,103.403,104.097,105.172,106.912,109.169,109.354,108.861,99.986,105.642,106.083,107.674,108.067,109.383,110.448,110.002,109.520,112.418,115.276,118.107,122.158,123.385,125.822,125.446,127.438,128.581,129.401,127.775,129.573,130.806,130.468,131.455
 "35000","New Mexico",6,SQGDP1,3,"...","Current-dollar GDP (millions of current dollars) ","Millions of current dollars",72858.9,73715.1,74241.2,75708.2,77135.0,77765.9,78378.7,78753.4,79221.3,80884.0,82066.5,82229.3,82262.8,84921.5,85567.4,84607.2,82706.7,81891.2,82471.1,83496.3,83836.9,84013.1,84612.8,86987.5,84992.3,87325.3,87538.5,88367.9,87855.5,88517.1,87499.2,86852.0,87794.2,88291.7,89111.8,89895.5,90456.5,92203.2,93458.1,93975.6,90894.5,91341.0,90871.6,90010.7,89219.9,90484.3,90630.1,91569.6,92044.9,92582.9,93399.0,94813.4,96783.2,98569.0,99560.8,100439.9,101218.1,103152.3,105087.5,105826.1,104653.9,94096.1,101717.6,103674.6,108038.9,111293.0,115301.0,120494.1,123829.2,129119.5,132260.9,132666.8,134225.9,136771.1,139818.7,143288.4,143370.3,147097.4,148249.0,149622.6,150980.0,151485.2,153972.3,154676.7,160292.6
 "36000","New York",2,SQGDP1,1,"...","Real GDP (millions of chained 2017 dollars) 1/","Millions of chained 2017 dollars",1276644.5,1288086.5,1310064.5,1330956.6,1345654.7,1334401.1,1330729.5,1347488.8,1382845.7,1346675.2,1348699.5,1336975.3,1338711.4,1329041.3,1336299.0,1308331.1,1319111.6,1381244.1,1397375.5,1420287.1,1427785.2,1450765.0,1428292.0,1419653.9,1448482.9,1434551.8,1431819.6,1446532.9,1467075.0,1490188.6,1505473.3,1522383.6,1487125.7,1495170.0,1502382.7,1522593.8,1512163.3,1523669.4,1544034.7,1561636.4,1555233.7,1574206.0,1575760.8,1558140.2,1590076.8,1592969.3,1584141.5,1595083.6,1615882.9,1610484.9,1621581.1,1651253.8,1657126.1,1667068.7,1674704.9,1661847.4,1684004.1,1703063.6,1708092.1,1722297.4,1717092.4,1568908.7,1681124.4,1701813.8,1701533.0,1737086.5,1757033.2,1806552.0,1790691.3,1772220.7,1781588.5,1781715.9,1780588.2,1783263.4,1805581.3,1804105.1,1810915.8,1837211.2,1852487.3,1859622.8,1869034.2,1887393.8,1908449.9,1912200.5,1916464.9
 "36000","New York",2,SQGDP1,2,"...","Chain-type quantity indexes for real GDP ","Quantity index",78.572,79.277,80.629,81.915,82.820,82.127,81.901,82.933,85.109,82.882,83.007,82.285,82.392,81.797,82.244,80.523,81.186,85.010,86.003,87.413,87.874,89.289,87.906,87.374,89.148,88.291,88.123,89.028,90.293,91.715,92.656,93.697,91.527,92.022,92.466,93.710,93.068,93.776,95.029,96.112,95.718,96.886,96.982,95.897,97.863,98.041,97.498,98.171,99.451,99.119,99.802,101.628,101.989,102.601,103.071,102.280,103.644,104.817,105.126,106.001,105.680,96.560,103.467,104.740,104.723,106.911,108.138,111.186,110.210,109.073,109.650,109.658,109.588,109.753,111.126,111.035,111.455,113.073,114.013,114.452,115.032,116.162,117.457,117.688,117.951
 "36000","New York",2,SQGDP1,3,"...","Current-dollar GDP (millions of current dollars) ","Millions of current dollars",981497.3,996750.5,1019334.4,1041821.8,1063263.6,1065914.1,1069427.4,1090482.0,1130223.9,1107319.7,1116478.3,1111039.4,1113754.2,1103169.0,1114790.0,1099727.7,1105968.8,1154653.0,1169054.2,1192293.0,1203027.8,1233180.8,1218012.5,1216770.8,1243284.6,1237927.0,1243213.8,1258652.3,1286956.9,1314448.1,1336092.5,1360387.9,1337353.2,1352333.9,1369075.8,1399768.7,1398367.1,1419278.7,1448441.5,1472337.8,1476393.2,1503797.7,1513259.4,1500448.4,1540031.1,1555741.6,1556125.0,1575422.2,1601783.5,1604891.4,1625929.3,1666598.5,1686428.1,1710142.5,1726238.4,1719853.5,1751254.9,1783815.5,1798133.1,1816680.1,1828550.5,1669039.7,1800364.5,1832055.1,1849722.1,1908189.9,1950770.5,2029413.3,2040327.1,2046467.7,2084108.1,2113397.8,2139099.9,2164220.7,2206935.7,2219939.7,2256831.2,2310300.3,2347428.9,2373995.4,2403653.4,2442989.2,2496819.8,2527233.7,2554229.8
 "37000","North Carolina",5,SQGDP1,1,"...","Real GDP (millions of chained 2017 dollars) 1/","Millions of chained 2017 dollars",440757.4,438119.7,442871.6,447473.9,468292.2,469774.6,470160.2,474428.4,479782.3,476116.2,475307.2,480477.3,495030.3,498917.5,495280.3,481527.0,463126.3,469385.5,477022.2,484907.9,479007.9,480678.3,481637.6,486797.7,483557.4,488490.2,482134.4,482619.1,491460.8,486857.3,488931.6,485256.4,491907.8,493993.6,500493.5,503431.4,504890.1,507070.4,513173.9,513995.2,522756.8,525187.5,526393.0,526579.2,533356.0,532587.6,536861.7,542428.7,544009.1,544149.4,546259.7,552822.4,553013.9,557124.0,556826.7,559330.2,561115.0,564031.8,570485.7,576267.6,572529.9,531379.9,574366.0,578839.2,587210.7,596720.2,600810.4,612434.1,617819.7,616179.4,619953.9,628712.8,636600.2,636038.1,646402.0,653142.8,654803.4,661170.6,667951.1,672601.4,672679.3,678859.5,688091.1,689942.9,695438.5
 "37000","North Carolina",5,SQGDP1,2,"...","Chain-type quantity indexes for real GDP ","Quantity index",80.605,80.123,80.992,81.833,85.641,85.912,85.982,86.763,87.742,87.072,86.924,87.869,90.531,91.241,90.576,88.061,84.696,85.841,87.237,88.679,87.600,87.906,88.081,89.025,88.432,89.335,88.172,88.261,89.878,89.036,89.415,88.743,89.960,90.341,91.530,92.067,92.334,92.732,93.849,93.999,95.601,96.046,96.266,96.300,97.540,97.399,98.181,99.199,99.488,99.513,99.899,101.100,101.135,101.886,101.832,102.290,102.616,103.149,104.330,105.387,104.704,97.178,105.039,105.857,107.388,109.127,109.875,112.001,112.986,112.686,113.376,114.978,116.421,116.318,118.213,119.446,119.750,120.914,122.154,123.005,123.019,124.149,125.837,126.176,127.181
 "37000","North Carolina",5,SQGDP1,3,"...","Current-dollar GDP (millions of current dollars) ","Millions of current dollars",350667.4,349968.0,356430.5,362128.1,381976.9,386955.2,389618.7,393497.6,401222.7,400751.7,401203.8,405575.1,418939.8,421706.0,424301.3,417881.8,404349.8,409112.2,416153.9,422771.2,417074.8,420949.1,422413.2,428691.9,426242.5,432634.2,430114.0,431169.8,441998.4,441141.9,446997.5,446114.8,453540.3,455586.7,463704.6,470954.0,473419.3,478123.6,487236.8,490402.9,501651.3,507467.0,511981.5,513589.9,521552.4,524392.0,529640.8,537552.1,541086.9,542038.2,547393.4,556722.1,560184.3,568003.3,569581.5,574380.1,580014.4,587013.3,596962.5,605808.5,606961.7,562858.8,612200.5,618886.8,634435.6,653034.1,666499.0,689250.3,707899.1,720420.5,734339.0,756388.9,777326.7,783225.8,803480.2,815319.3,824995.7,837982.5,850974.3,862883.6,869183.5,883625.6,905215.0,917025.8,930578.0
 "38000","North Dakota",4,SQGDP1,1,"...","Real GDP (millions of chained 2017 dollars) 1/","Millions of chained 2017 dollars",29633.8,29650.0,29492.2,29740.1,30338.2,31063.0,30916.4,31327.9,31836.3,32259.7,32637.8,33382.1,34535.4,34821.3,35372.7,35392.1,35716.2,35509.3,36327.3,36332.3,37266.3,38412.8,39134.4,39976.0,40638.1,41946.0,43540.8,47076.8,50273.3,53448.6,54585.7,54999.6,53075.0,54024.9,55490.6,56173.2,57305.2,59839.6,61096.0,62531.0,61258.3,58668.0,57694.1,57157.4,55676.8,54117.2,54534.5,54695.6,55448.6,56940.3,56872.5,56859.5,57826.1,58556.6,59025.6,58657.0,59158.2,59579.3,59806.0,59090.3,58843.2,54639.3,56500.2,56428.7,57727.4,57730.1,57416.5,56531.4,56256.5,56283.4,57066.8,58517.5,59909.0,61882.9,62867.1,63800.0,63281.4,63561.3,63283.3,63339.4,62531.3,63643.8,63710.4,64314.8,64324.7
 "38000","North Dakota",4,SQGDP1,2,"...","Chain-type quantity indexes for real GDP ","Quantity index",52.421,52.450,52.171,52.609,53.667,54.949,54.690,55.418,56.317,57.066,57.735,59.052,61.092,61.598,62.573,62.607,63.181,62.815,64.262,64.271,65.923,67.951,69.227,70.716,71.887,74.201,77.022,83.277,88.932,94.549,96.560,97.292,93.888,95.568,98.161,99.368,101.371,105.854,108.077,110.615,108.364,103.782,102.059,101.109,98.490,95.732,96.470,96.755,98.087,100.725,100.605,100.582,102.292,103.585,104.414,103.762,104.649,105.394,105.795,104.529,104.092,96.655,99.947,99.820,102.118,102.123,101.568,100.002,99.516,99.563,100.949,103.515,105.977,109.469,111.210,112.860,111.943,112.438,111.946,112.045,110.616,112.584,112.701,113.771,113.788
 "38000","North Dakota",4,SQGDP1,3,"...","Current-dollar GDP (millions of current dollars) ","Millions of current dollars",24315.3,24469.5,24552.0,24951.4,25634.2,26342.6,26557.4,27091.7,27988.2,28640.3,29277.2,30272.5,31326.6,32045.1,32695.8,32043.4,31897.4,31775.3,32503.9,33065.0,34185.0,35148.4,36009.4,37264.5,38579.7,40393.3,42086.5,45348.9,48885.9,51763.1,53297.6,54369.6,53178.5,54203.4,56034.9,56091.0,58084.6,61384.4,62376.2,62588.1,58868.3,57630.6,56239.9,55070.0,52406.2,51985.6,52762.8,53510.5,55217.6,56729.5,56590.0,57583.7,59219.0,60285.0,61198.0,60806.4,60522.8,61250.8,61015.7,60780.9,59309.7,52358.6,56129.8,57487.7,61275.1,64145.6,65967.1,67932.1,71023.8,76244.2,76803.7,76136.9,76110.9,76592.4,78827.7,80061.5,79469.9,80374.2,79952.6,80436.3,81506.4,81395.6,81926.3,82704.8,85384.0
 "39000","Ohio",3,SQGDP1,1,"...","Real GDP (millions of chained 2017 dollars) 1/","Millions of chained 2017 dollars",580513.9,583627.7,587807.9,587521.2,583452.2,583638.6,581738.7,581720.9,583443.3,584132.1,586433.3,587603.2,588461.0,591534.7,582746.6,558813.9,555786.8,547888.2,548567.3,551687.3,555208.0,560811.1,568330.0,570915.9,572633.9,577296.7,581379.5,589695.3,585330.6,588423.4,587917.6,584492.1,598028.8,599105.0,604713.1,610382.5,613275.3,623016.1,631420.0,632182.2,630868.9,634118.1,632184.3,635927.8,631514.0,636131.5,640376.9,644607.6,649183.6,652759.2,653809.8,652997.3,652538.5,653091.1,657615.2,661603.2,665056.3,670570.8,678380.7,682247.9,668512.3,611222.1,667036.5,676149.4,680737.8,689403.7,692762.1,703616.3,694331.8,693596.2,693636.2,696329.3,700290.6,703328.7,711891.6,716474.0,714682.1,721143.0,724844.2,727319.9,724430.5,731348.5,740518.1,741163.4,744406.0
 "39000","Ohio",3,SQGDP1,2,"...","Chain-type quantity indexes for real GDP ","Quantity index",89.010,89.488,90.129,90.085,89.461,89.489,89.198,89.195,89.459,89.565,89.918,90.097,90.229,90.700,89.353,85.683,85.219,84.008,84.112,84.590,85.130,85.989,87.142,87.539,87.802,88.517,89.143,90.418,89.749,90.223,90.145,89.620,91.696,91.861,92.721,93.590,94.034,95.527,96.816,96.933,96.731,97.229,96.933,97.507,96.830,97.538,98.189,98.838,99.539,100.088,100.249,100.124,100.054,100.139,100.832,101.444,101.973,102.819,104.016,104.609,102.503,93.719,102.277,103.674,104.378,105.706,106.221,107.886,106.462,106.349,106.355,106.768,107.376,107.842,109.154,109.857,109.582,110.573,111.140,111.520,111.077,112.138,113.544,113.643,114.140
 "39000","Ohio",3,SQGDP1,3,"...","Current-dollar GDP (millions of current dollars) ","Millions of current dollars",462383.2,467495.7,474072.9,476766.2,477903.1,482677.8,484491.9,486543.2,492488.1,495945.1,500054.3,501912.9,503655.9,506616.6,503962.2,489431.0,488653.4,481093.6,482336.8,485544.7,488996.5,496922.9,505092.1,510085.2,513796.7,521307.3,529023.7,537698.0,537224.0,543371.3,546249.6,545296.6,559302.1,560732.4,568212.9,577432.4,581609.8,593803.1,605220.1,607976.4,608966.5,615597.1,616126.6,620411.8,616441.2,624878.4,630374.2,637485.1,644766.5,650119.9,655225.9,658637.6,663101.9,668818.0,675937.7,682303.0,688949.6,698585.6,709107.5,715016.4,704771.6,642179.9,706168.5,718633.2,732433.1,754317.6,771233.9,798661.1,807302.8,825834.5,837205.8,851652.2,866332.7,875401.5,892778.4,901315.8,906420.3,919588.2,928590.4,937963.4,941797.0,956857.0,979083.0,989382.8,1003015.6
 "40000","Oklahoma",6,SQGDP1,1,"...","Real GDP (millions of chained 2017 dollars) 1/","Millions of chained 2017 dollars",139958.9,141243.8,140760.1,139477.6,154266.3,148604.2,147134.6,147463.5,150082.7,152166.6,154600.1,154668.9,154733.5,158073.6,158836.3,164307.5,159361.8,156391.4,156911.5,154762.5,154624.6,158281.3,159413.9,160025.8,157911.8,162155.9,165511.6,169857.9,170933.9,172553.4,171374.7,173202.2,175255.3,174488.1,175025.5,179578.3,179587.2,183138.9,190067.5,193504.2,193439.6,191033.4,195019.4,195677.9,191817.7,190227.3,189346.5,188982.4,189961.2,192902.8,193416.7,193873.8,194199.1,195426.3,196292.5,198204.1,198280.5,198784.5,202174.2,201049.6,196962.2,182691.5,193396.6,192457.6,193508.3,195785.9,194315.4,196355.3,191919.8,191031.7,194581.5,199150.4,203132.8,206179.8,208655.1,210323.0,208503.9,209616.3,211428.5,211714.9,210741.9,212629.3,215012.5,215575.5,216196.5
 "40000","Oklahoma",6,SQGDP1,2,"...","Chain-type quantity indexes for real GDP ","Quantity index",72.691,73.359,73.107,72.441,80.122,77.182,76.418,76.589,77.949,79.032,80.296,80.331,80.365,82.100,82.496,85.337,82.769,81.226,81.496,80.380,80.308,82.208,82.796,83.114,82.016,84.220,85.963,88.220,88.779,89.620,89.008,89.957,91.023,90.625,90.904,93.269,93.273,95.118,98.717,100.502,100.468,99.218,101.288,101.630,99.626,98.800,98.342,98.153,98.661,100.189,100.456,100.693,100.862,101.500,101.950,102.943,102.982,103.244,105.004,104.420,102.298,94.886,100.446,99.958,100.504,101.687,100.923,101.982,99.679,99.217,101.061,103.434,105.502,107.085,108.371,109.237,108.292,108.870,109.811,109.960,109.454,110.435,111.672,111.965,112.287
 "40000","Oklahoma",6,SQGDP1,3,"...","Current-dollar GDP (millions of current dollars) ","Millions of current dollars",121940.0,124660.8,127614.0,129630.9,141794.9,137602.1,137126.2,136886.0,140607.8,144862.6,148775.5,152083.9,155532.3,165364.2,165833.7,159705.6,149256.2,145546.5,146878.6,147648.3,150856.2,154421.6,156633.9,159158.2,159596.5,166386.3,169530.6,173318.3,174529.4,174894.4,174397.0,177623.8,181330.3,181922.2,184463.1,188703.0,191626.5,196303.2,201531.9,198834.9,188713.5,186865.6,187848.1,186031.7,179381.6,181808.8,182867.8,184896.9,188489.7,191762.7,192947.6,196954.5,200236.9,203258.3,205770.4,207509.9,205308.2,205672.3,207037.2,205953.2,198490.2,178899.9,194276.2,197221.7,205699.5,216034.7,221454.1,233341.3,237074.4,248633.8,252460.1,251997.9,252951.4,252481.3,257772.8,260527.4,259448.6,262979.1,265426.1,266926.7,270219.5,271569.7,276723.0,279171.9,285960.1
 "41000","Oregon",8,SQGDP1,1,"...","Real GDP (millions of chained 2017 dollars) 1/","Millions of chained 2017 dollars",166901.0,166876.3,169502.7,171657.8,176491.5,175793.9,177594.4,179009.9,176261.3,179196.4,182146.4,185293.1,185597.6,186645.5,186308.5,180818.8,178625.2,176183.3,176400.9,176597.1,180176.5,179431.1,181693.4,181651.7,185614.2,186000.1,184578.4,187644.8,188573.8,188349.1,187893.0,184593.7,187777.0,188417.6,190079.2,192165.2,192074.4,194912.8,197795.2,198450.5,203308.8,204106.3,207391.6,207520.5,212920.3,213553.9,214751.7,217851.4,221303.1,224967.0,226617.1,229251.0,232755.6,233321.4,235022.5,236133.9,236984.4,237776.0,240584.7,243834.2,242088.1,223870.6,238847.5,241799.6,248071.5,250370.3,249641.6,255596.1,255270.5,253389.9,253712.8,254576.8,257524.4,255951.4,259763.6,258854.1,258976.6,262705.4,265000.5,266708.2,262852.9,264852.7,267912.1,268355.1,269058.6
 "41000","Oregon",8,SQGDP1,2,"...","Chain-type quantity indexes for real GDP ","Quantity index",74.002,73.991,75.156,76.112,78.255,77.945,78.744,79.371,78.153,79.454,80.762,82.157,82.292,82.757,82.608,80.173,79.201,78.118,78.215,78.302,79.889,79.558,80.561,80.543,82.300,82.471,81.840,83.200,83.612,83.512,83.310,81.847,83.259,83.543,84.279,85.204,85.164,86.423,87.701,87.991,90.145,90.499,91.956,92.013,94.407,94.688,95.219,96.593,98.124,99.748,100.480,101.648,103.202,103.453,104.207,104.700,105.077,105.428,106.673,108.114,107.340,99.262,105.903,107.212,109.993,111.012,110.689,113.329,113.185,112.351,112.494,112.877,114.184,113.487,115.177,114.774,114.828,116.481,117.499,118.256,116.547,117.433,118.790,118.986,119.298
 "41000","Oregon",8,SQGDP1,3,"...","Current-dollar GDP (millions of current dollars) ","Millions of current dollars",141279.7,141814.5,144565.3,146565.9,151943.6,152045.4,154593.1,156536.5,155340.4,158162.7,161192.2,164009.5,164009.4,164676.9,165222.2,162583.0,161143.0,158683.2,158600.2,158895.3,161978.7,161856.7,164174.7,164591.7,168606.8,169365.8,169006.5,171796.1,173650.6,174404.4,174797.5,172574.5,176493.3,177389.9,179619.8,182398.8,182765.0,186660.8,190178.6,191745.9,197162.6,198846.2,202911.4,203450.4,208956.7,210593.1,211925.9,215653.7,220117.0,224366.1,227011.8,230643.3,235317.8,237307.5,239700.1,241542.2,243887.8,246088.1,250352.3,254799.0,254954.5,235799.0,253677.8,258211.3,267575.7,273951.9,276846.7,287096.6,291710.6,294166.6,298654.6,303805.4,310712.0,311539.2,318541.9,318786.9,321685.3,328498.9,333198.3,337618.0,335341.7,339846.5,346483.6,349728.5,352932.9
 "42000","Pennsylvania",2,SQGDP1,1,"...","Real GDP (millions of chained 2017 dollars) 1/","Millions of chained 2017 dollars",620327.8,624301.4,629653.9,630877.6,621047.7,624685.1,628496.9,632130.0,641564.8,643633.0,651351.8,662002.5,660225.1,675129.3,670147.9,655091.0,645566.6,640964.4,639894.9,654401.0,655101.2,663830.6,672692.6,675598.9,667135.7,675069.3,678405.7,685262.7,686853.8,690148.3,691893.3,687132.6,697434.1,703060.8,705730.5,710554.7,708065.8,716073.8,723666.6,726960.1,730994.4,733774.2,734544.4,737267.3,740175.2,741573.0,748357.2,749283.1,747054.0,750489.9,758542.3,761186.0,761154.9,762273.0,766164.3,765829.2,764379.1,769307.7,775429.1,778294.0,761831.4,687442.4,747711.2,755719.4,753905.9,763416.3,766967.5,780270.2,768071.8,771807.4,780195.8,787224.0,777975.8,784428.7,795548.9,801720.7,795496.5,801299.5,807092.9,809041.3,806786.5,814840.0,825997.1,827526.3,830939.6
 "42000","Pennsylvania",2,SQGDP1,2,"...","Chain-type quantity indexes for real GDP ","Quantity index",82.237,82.764,83.473,83.635,82.332,82.815,83.320,83.802,85.052,85.326,86.350,87.762,87.526,89.502,88.842,86.845,85.583,84.973,84.831,86.754,86.847,88.004,89.179,89.564,88.442,89.494,89.936,90.845,91.056,91.493,91.724,91.093,92.459,93.205,93.559,94.198,93.868,94.930,95.937,96.373,96.908,97.277,97.379,97.740,98.125,98.310,99.210,99.333,99.037,99.493,100.560,100.910,100.906,101.055,101.570,101.526,101.334,101.987,102.799,103.178,100.996,91.134,99.124,100.186,99.945,101.206,101.677,103.440,101.823,102.319,103.431,104.362,103.136,103.992,105.466,106.284,105.459,106.228,106.996,107.255,106.956,108.023,109.502,109.705,110.158
 "42000","Pennsylvania",2,SQGDP1,3,"...","Current-dollar GDP (millions of current dollars) ","Millions of current dollars",500350.6,506830.1,515345.5,520529.2,517502.1,525823.4,533207.0,538552.2,551997.4,557184.6,566618.5,577154.1,577106.1,591174.0,592858.8,586407.6,580980.2,576826.3,576849.1,590224.3,590944.5,601215.8,610487.9,615870.1,610500.8,621350.8,627987.9,635232.1,640073.8,645767.4,650822.9,649073.2,661032.3,667710.1,672950.8,681376.4,681437.1,692178.7,702447.2,706123.6,709821.7,716332.7,718756.2,721226.7,723513.8,729331.6,737759.5,742058.9,742898.4,747770.9,759690.4,766912.3,771800.2,778291.6,785170.1,787220.7,789025.9,798450.0,807566.4,813890.0,800630.7,719687.9,789870.4,802999.6,811917.8,834634.1,851421.1,881529.2,884921.0,909290.4,928530.5,944704.8,942861.7,955768.7,977612.6,989532.9,989552.2,1003336.1,1014937.8,1023669.6,1029344.6,1045273.0,1069852.3,1081315.4,1096843.9
 "44000","Rhode Island",1,SQGDP1,1,"...","Real GDP (millions of chained 2017 dollars) 1/","Millions of chained 2017 dollars",54998.2,55836.4,55942.5,56766.6,56165.1,57617.3,58319.3,57561.6,57111.6,56292.5,56076.4,55441.8,55482.9,55244.8,54724.8,54455.7,53520.5,54210.8,54818.1,55376.4,55323.8,56005.9,56484.4,56388.2,55032.7,56512.1,56206.3,56355.1,56529.9,56665.2,56640.5,56113.8,57096.4,56676.4,57187.9,57188.1,57126.7,57340.2,57701.0,58242.7,58087.5,58459.9,58282.1,58722.3,57867.1,58389.0,59304.1,58959.7,58237.1,58530.8,59384.8,58933.6,58665.1,58674.1,58524.2,59097.2,59828.0,59971.4,60092.5,60738.5,59908.4,54118.7,58876.9,59625.2,59023.8,61072.5,60588.0,61955.7,60825.5,62269.1,61667.5,61307.1,61460.5,61499.9,62797.4,62719.3,63147.0,63149.0,63700.3,63840.1,63789.3,63870.2,64561.3,64499.5,64738.0
 "44000","Rhode Island",1,SQGDP1,2,"...","Chain-type quantity indexes for real GDP ","Quantity index",93.580,95.006,95.186,96.589,95.565,98.036,99.230,97.941,97.176,95.782,95.414,94.334,94.404,93.999,93.114,92.657,91.065,92.240,93.273,94.223,94.134,95.294,96.108,95.945,93.638,96.156,95.635,95.888,96.186,96.416,96.374,95.478,97.150,96.435,97.305,97.306,97.201,97.565,98.179,99.100,98.836,99.470,99.167,99.916,98.461,99.349,100.906,100.320,99.091,99.590,101.043,100.276,99.819,99.834,99.579,100.554,101.798,102.042,102.248,103.347,101.934,92.083,100.179,101.452,100.429,103.915,103.091,105.418,103.495,105.951,104.927,104.314,104.575,104.642,106.850,106.717,107.445,107.448,108.386,108.624,108.538,108.675,109.851,109.746,110.152
 "44000","Rhode Island",1,SQGDP1,3,"...","Current-dollar GDP (millions of current dollars) ","Millions of current dollars",43268.9,44235.3,44605.7,45543.0,45555.0,47187.7,48117.9,47800.5,47874.5,47430.5,47521.4,47134.1,47238.8,47030.7,46921.0,47365.0,46767.9,47377.8,47947.9,48495.3,48466.3,49325.4,49868.0,49976.6,48881.7,50420.0,50479.9,50713.1,51190.0,51578.2,51787.3,51554.7,52680.2,52474.1,53217.5,53605.0,53695.2,54192.0,54871.4,55691.3,55910.4,56571.8,56675.0,57258.7,56591.5,57414.5,58478.1,58374.3,57856.2,58339.2,59513.5,59377.4,59498.3,59926.3,60001.5,60833.5,61970.5,62495.9,62956.2,63836.1,63481.3,57449.0,62972.7,64020.6,64031.4,67022.1,67354.3,69832.3,69619.3,72345.6,72665.5,73282.6,74443.1,75305.5,77591.8,77913.8,79189.8,79782.3,80925.7,81626.8,82268.1,83127.5,84799.6,85628.8,86607.4
 "45000","South Carolina",5,SQGDP1,1,"...","Real GDP (millions of chained 2017 dollars) 1/","Millions of chained 2017 dollars",182154.6,182863.4,183567.3,184484.8,186895.2,186943.6,186931.5,188774.0,189328.6,192613.2,195091.5,196512.9,194226.9,195497.7,193387.0,186876.9,183955.8,182724.2,183470.7,186174.6,186587.1,188397.9,189632.0,190491.6,191615.4,194086.3,192985.4,194196.9,196512.5,195541.5,195464.3,194106.2,198865.3,197977.4,201349.4,202397.0,202799.1,206620.7,207572.1,207319.6,210070.2,211702.1,214914.9,216162.3,218060.3,220089.2,221256.3,222831.6,223978.3,224287.1,224649.4,226835.6,229019.7,231083.1,232247.2,234303.1,235855.1,236732.2,240427.9,243070.1,234897.6,219985.5,238698.4,239596.0,240966.7,245485.4,246346.4,250449.6,252092.6,255473.8,257729.0,261138.4,262203.7,263133.9,267892.6,270920.9,273533.2,276295.4,279003.6,283299.1,283478.1,285864.4,288849.5,288905.2,291209.3
 "45000","South Carolina",5,SQGDP1,2,"...","Chain-type quantity indexes for real GDP ","Quantity index",80.980,81.295,81.608,82.016,83.088,83.109,83.104,83.923,84.169,85.630,86.731,87.363,86.347,86.912,85.974,83.079,81.781,81.233,81.565,82.767,82.951,83.756,84.304,84.686,85.186,86.285,85.795,86.334,87.363,86.931,86.897,86.293,88.409,88.014,89.513,89.979,90.158,91.857,92.280,92.168,93.390,94.116,95.544,96.099,96.943,97.845,98.363,99.064,99.574,99.711,99.872,100.844,101.815,102.732,103.250,104.164,104.854,105.244,106.887,108.061,104.428,97.798,106.118,106.517,107.126,109.135,109.518,111.342,112.072,113.575,114.578,116.094,116.567,116.981,119.096,120.443,121.604,122.832,124.036,125.946,126.025,127.086,128.413,128.438,129.462
 "45000","South Carolina",5,SQGDP1,3,"...","Current-dollar GDP (millions of current dollars) ","Millions of current dollars",143009.5,144260.7,145864.6,147648.3,151216.5,152599.9,153875.0,156122.2,158039.2,161656.6,164461.9,165747.6,164045.4,165220.3,165446.1,163173.2,162227.5,161174.9,161953.8,164165.6,164051.3,166368.6,167683.9,168965.5,170248.4,173105.6,173346.1,174678.8,177805.9,178193.8,179184.3,178831.5,183835.4,183506.3,187619.5,190111.9,191021.8,195549.7,197733.0,198673.1,202855.1,205532.5,209913.0,211739.7,213904.6,217013.0,218434.5,220869.7,222772.1,223512.1,225071.2,228394.9,232002.3,235683.7,237740.0,240820.8,244175.7,246576.5,251829.1,255721.6,249167.7,233787.1,255584.3,257271.9,261249.9,269701.8,274820.6,284087.3,291450.6,301724.0,309000.0,318105.3,323924.0,328020.5,337259.2,342583.6,348621.1,354148.4,358994.5,366533.6,369592.7,375755.0,383139.5,386835.0,393027.7
 "46000","South Dakota",4,SQGDP1,1,"...","Real GDP (millions of chained 2017 dollars) 1/","Millions of chained 2017 dollars",39393.9,39091.8,39295.1,39541.5,39813.7,40162.1,40021.6,39849.2,41835.4,41937.7,41325.0,41486.5,44256.5,43656.3,43207.6,41993.6,43553.1,44083.8,44845.0,44541.3,44041.6,44200.3,45370.7,45630.3,46545.6,47141.7,47340.2,49493.9,49689.4,49440.0,46762.0,48724.1,48296.2,48660.3,48725.5,48758.3,50066.1,50160.7,49511.7,48825.0,50197.0,50374.4,50731.0,52140.5,50285.6,50775.4,51920.0,52076.3,52653.8,52015.6,51261.5,50529.4,52443.0,51531.0,51736.3,52041.0,51482.2,51877.8,52929.0,53751.8,53387.8,50458.8,54276.0,55274.3,55480.6,56390.7,56165.6,56024.8,55733.4,55467.0,55235.7,54592.8,56773.7,56651.7,57546.4,58040.4,57438.6,57845.3,57732.4,57855.7,57407.4,58142.2,59035.0,59476.3,59229.9
 "46000","South Dakota",4,SQGDP1,2,"...","Chain-type quantity indexes for real GDP ","Quantity index",76.322,75.737,76.131,76.608,77.136,77.811,77.539,77.205,81.053,81.251,80.064,80.377,85.743,84.581,83.711,81.359,84.381,85.409,86.884,86.295,85.327,85.635,87.902,88.405,90.178,91.333,91.718,95.890,96.269,95.786,90.598,94.399,93.570,94.275,94.402,94.465,96.999,97.182,95.925,94.594,97.253,97.596,98.287,101.018,97.424,98.373,100.591,100.894,102.012,100.776,99.315,97.897,101.604,99.837,100.235,100.825,99.743,100.509,102.546,104.140,103.435,97.760,105.155,107.090,107.489,109.252,108.816,108.544,107.979,107.463,107.015,105.769,109.994,109.758,111.491,112.448,111.283,112.071,111.852,112.091,111.222,112.646,114.376,115.231,114.753
 "46000","South Dakota",4,SQGDP1,3,"...","Current-dollar GDP (millions of current dollars) ","Millions of current dollars",30962.2,30853.1,31146.6,31455.5,32027.6,32532.4,32768.7,32908.3,35005.5,35356.2,35156.0,35612.7,37873.6,37350.1,36938.8,35594.7,36219.8,36487.3,36959.1,37262.4,37090.6,37495.5,38778.1,39468.5,40775.6,41610.5,42161.4,43783.4,44450.1,44578.7,42576.7,44903.6,45280.8,45476.2,45672.9,45564.4,47090.7,47837.7,47102.8,46608.3,47676.2,48149.5,48755.1,50134.6,48385.0,49348.6,50633.5,51003.3,52159.2,51864.0,51386.8,51050.2,53418.2,52900.8,53221.5,53857.6,53537.6,54384.3,55900.2,56880.9,56978.4,53179.5,57836.2,59395.2,60443.1,63316.6,64356.1,65234.9,67442.9,69337.5,70319.5,70602.5,73636.2,73630.6,75027.2,75541.0,75511.6,76448.7,77039.9,78182.9,78599.8,79766.1,81595.3,82639.8,82508.1
 "47000","Tennessee",5,SQGDP1,1,"...","Real GDP (millions of chained 2017 dollars) 1/","Millions of chained 2017 dollars",286227.3,287236.7,290621.3,292171.7,293896.3,296505.5,294877.7,297393.3,290457.9,292761.7,295408.7,300651.0,300121.1,301710.8,300949.5,291326.0,288652.9,286258.0,285330.1,288994.4,291131.9,291739.4,292900.3,294976.2,296572.6,300370.2,302649.0,306443.8,309432.1,313034.2,311702.1,312848.2,318693.3,316471.0,318435.2,319792.2,320584.4,323248.6,325366.2,326319.3,330619.9,335474.0,337804.2,337946.2,339296.1,340680.4,344774.8,349428.4,351926.4,353399.8,355567.6,360776.0,361169.7,361390.4,363972.6,362922.2,366528.2,367562.3,372332.6,374366.6,377539.2,336801.8,374781.6,383105.6,394891.4,399254.7,401842.7,410705.9,412007.6,412769.8,415836.1,421192.7,423867.4,424460.1,430125.4,434651.7,434215.3,439684.8,443282.1,443618.6,444002.4,447439.1,452697.7,453287.4,454678.4
 "47000","Tennessee",5,SQGDP1,2,"...","Chain-type quantity indexes for real GDP ","Quantity index",80.533,80.817,81.769,82.205,82.690,83.425,82.967,83.674,81.723,82.371,83.116,84.591,84.442,84.889,84.675,81.967,81.215,80.541,80.280,81.311,81.913,82.084,82.410,82.994,83.443,84.512,85.153,86.221,87.062,88.075,87.700,88.023,89.667,89.042,89.595,89.977,90.199,90.949,91.545,91.813,93.023,94.389,95.044,95.084,95.464,95.854,97.006,98.315,99.018,99.432,100.042,101.508,101.618,101.681,102.407,102.112,103.126,103.417,104.759,105.332,106.224,94.762,105.448,107.790,111.106,112.334,113.062,115.556,115.922,116.137,116.999,118.506,119.259,119.426,121.020,122.293,122.170,123.709,124.722,124.816,124.924,125.891,127.371,127.537,127.928
 "47000","Tennessee",5,SQGDP1,3,"...","Current-dollar GDP (millions of current dollars) ","Millions of current dollars",227344.8,229244.1,233120.2,235647.1,239076.4,243149.0,243587.7,246604.5,243091.2,246347.6,249465.8,254141.7,254155.2,255841.7,258141.7,254048.2,253720.0,251809.7,251570.3,254662.8,256233.4,257782.8,259019.4,261594.7,263613.2,268268.6,272107.8,276230.2,281021.1,286387.8,286902.9,289278.1,295500.0,293896.4,297142.5,300486.3,301430.1,305803.7,309925.0,312635.2,318864.7,325689.9,329858.9,331116.3,333377.7,336461.7,340891.5,346670.0,350148.8,352132.5,356178.0,363210.6,365580.9,368460.5,372258.0,372553.4,378669.1,382211.4,389092.6,393358.8,399937.5,356851.3,399842.6,409723.0,425947.8,437117.7,446675.2,463937.9,474581.7,484564.7,494703.5,508498.1,518982.8,524809.2,536266.4,544928.9,548931.9,559342.9,566351.4,570178.8,575428.1,584444.0,596585.6,602812.1,610189.3
 "48000","Texas",6,SQGDP1,1,"...","Real GDP (millions of chained 2017 dollars) 1/","Millions of chained 2017 dollars",1145464.0,1138105.3,1139410.5,1150672.5,1199085.1,1216269.5,1230076.3,1255158.1,1268400.5,1291796.4,1294241.5,1300876.2,1284436.7,1281165.1,1281540.1,1301624.2,1289023.9,1276382.5,1282525.3,1294309.2,1310711.2,1315872.0,1328624.8,1337028.3,1348985.4,1365201.1,1370137.8,1396375.3,1417027.1,1431760.8,1438761.1,1465868.6,1487916.8,1505441.2,1522933.2,1530935.0,1521271.1,1549853.2,1574744.4,1592675.7,1635187.0,1619894.5,1637102.1,1644324.6,1636233.0,1631766.4,1634400.9,1633052.8,1642860.4,1654182.7,1672558.3,1699650.7,1719792.7,1742497.8,1755960.0,1767922.5,1772384.2,1790077.5,1826002.2,1838480.4,1807085.1,1687609.8,1803693.0,1832565.0,1866112.8,1898855.4,1915349.8,1941731.7,1949201.5,1948982.0,1979467.7,2023005.0,2089240.6,2120627.5,2154934.7,2185343.9,2181915.6,2212455.3,2240377.7,2253024.5,2235879.6,2272749.3,2296179.5,2304004.8,2309086.3
 "48000","Texas",6,SQGDP1,2,"...","Chain-type quantity indexes for real GDP ","Quantity index",68.701,68.260,68.338,69.014,71.917,72.948,73.776,75.280,76.075,77.478,77.624,78.022,77.036,76.840,76.863,78.067,77.311,76.553,76.922,77.628,78.612,78.922,79.687,80.191,80.908,81.880,82.176,83.750,84.989,85.872,86.292,87.918,89.240,90.291,91.341,91.820,91.241,92.955,94.448,95.523,98.073,97.156,98.188,98.621,98.136,97.868,98.026,97.945,98.533,99.212,100.315,101.940,103.148,104.509,105.317,106.034,106.302,107.363,109.518,110.266,108.383,101.217,108.180,109.911,111.923,113.887,114.876,116.459,116.907,116.894,118.722,121.333,125.306,127.188,129.246,131.070,130.864,132.696,134.371,135.129,134.101,136.312,137.717,138.187,138.491
 "48000","Texas",6,SQGDP1,3,"...","Current-dollar GDP (millions of current dollars) ","Millions of current dollars",979180.9,985174.8,1009497.3,1041130.6,1077411.6,1100940.7,1118552.2,1136041.5,1158163.4,1196086.0,1207838.6,1232171.9,1238020.5,1272828.8,1273176.0,1228542.6,1183070.7,1163069.0,1172429.9,1198102.6,1233658.6,1241765.2,1262211.1,1285008.1,1314469.6,1350208.5,1358688.0,1383741.6,1408082.7,1416282.9,1429733.6,1464252.9,1492122.4,1515528.4,1545364.7,1554112.3,1560108.6,1595397.0,1613690.3,1599514.7,1590017.6,1584178.2,1587539.9,1582207.8,1557600.8,1577979.1,1590932.1,1605414.1,1630275.9,1644935.4,1671860.6,1722180.2,1763649.5,1802259.8,1826948.3,1839250.0,1833669.0,1854387.9,1878886.8,1892545.3,1841253.5,1682772.5,1831701.4,1886953.2,1976016.2,2071330.1,2152186.5,2268522.1,2366494.9,2480459.2,2521398.8,2539259.7,2594861.0,2597306.2,2657252.6,2699530.8,2704775.3,2759359.1,2794321.0,2820609.4,2838524.7,2878512.9,2935858.8,2964814.9,3034816.7
 "49000","Utah",7,SQGDP1,1,"...","Real GDP (millions of chained 2017 dollars) 1/","Millions of chained 2017 dollars",115626.4,117105.1,119202.7,121786.5,124545.0,126446.9,128259.9,130905.8,131292.8,134396.2,134347.8,135162.4,133257.1,135279.8,134696.1,131418.5,131769.7,130762.0,130597.3,130705.6,132218.2,131972.1,134122.9,136643.0,136737.6,138525.2,138598.5,139342.9,140772.7,140451.3,139951.0,141315.0,143461.6,144263.1,146228.2,146154.7,148346.6,149794.9,150510.0,151653.7,153873.5,154869.4,155696.7,157286.3,159403.2,160605.9,163660.5,166443.4,167329.5,170125.5,173780.7,177064.4,178821.6,181231.0,183349.9,185021.5,190483.4,190145.5,194646.8,195766.6,193875.5,186834.3,197876.5,202706.4,207627.6,209930.8,211720.0,215879.4,216209.4,216946.1,218142.0,220097.8,222262.0,224519.7,228316.9,230189.8,231701.2,233829.6,235190.1,236481.4,238006.3,239908.5,242309.8,242922.9,244506.1
 "49000","Utah",7,SQGDP1,2,"...","Chain-type quantity indexes for real GDP ","Quantity index",67.195,68.055,69.274,70.775,72.378,73.484,74.537,76.075,76.300,78.103,78.075,78.548,77.441,78.617,78.278,76.373,76.577,75.991,75.896,75.958,76.838,76.695,77.944,79.409,79.464,80.503,80.545,80.978,81.809,81.622,81.331,82.124,83.372,83.837,84.979,84.937,86.210,87.052,87.468,88.132,89.422,90.001,90.482,91.406,92.636,93.335,95.110,96.727,97.242,98.867,100.991,102.900,103.921,105.321,106.552,107.524,110.698,110.502,113.117,113.768,112.669,108.577,114.994,117.801,120.661,122.000,123.039,125.457,125.648,126.076,126.771,127.908,129.166,130.478,132.684,133.773,134.651,135.888,136.679,137.429,138.315,139.421,140.816,141.173,142.093
 "49000","Utah",7,SQGDP1,3,"...","Current-dollar GDP (millions of current dollars) ","Millions of current dollars",91895.1,93826.3,96540.6,99786.2,102909.0,105615.6,107929.9,110693.9,111983.5,115420.3,115999.7,117319.2,116044.3,118400.9,118365.0,114986.7,114566.5,113328.6,113387.6,114056.3,116086.6,116462.1,118825.7,121810.8,122614.7,125171.2,125931.4,126834.0,128889.0,129008.2,129039.4,130788.9,133134.2,134200.8,136723.9,137318.3,139926.6,142165.7,143568.3,144850.4,146957.1,149118.5,150570.3,152402.4,154581.8,157220.4,160916.5,164603.8,166238.5,169489.6,174003.5,178568.5,181722.4,185671.4,188693.0,191136.1,197624.6,198390.0,203722.0,205512.2,204447.1,195624.4,209366.3,215524.1,223338.0,229361.0,235257.0,245327.8,251518.3,259354.1,264889.2,270432.5,275835.4,279871.6,286952.4,290263.8,294041.8,298445.5,301146.6,304251.1,309019.3,313044.3,319043.7,322785.4,328158.4
 "50000","Vermont",1,SQGDP1,1,"...","Real GDP (millions of chained 2017 dollars) 1/","Millions of chained 2017 dollars",29230.8,29132.9,29293.9,29475.3,29657.4,29490.6,29386.8,29148.7,28961.3,29225.0,29474.8,29525.4,30222.3,30322.1,30306.4,29823.9,29393.2,29261.4,29595.5,30012.9,30240.9,30836.9,31275.8,31208.9,31133.2,31588.3,31560.2,32372.6,31945.1,32335.9,31971.6,31340.0,31636.9,31517.7,31295.2,31528.7,31357.7,31610.2,32093.6,32329.1,31964.1,31968.0,32150.4,32089.0,32200.6,32198.1,32416.5,32435.5,32495.4,32472.7,32644.0,32744.8,32845.6,32915.3,32781.0,32769.2,33138.3,33068.9,33560.2,33590.3,33785.1,30060.5,32808.0,32981.4,33204.0,33398.8,33719.6,34015.0,34635.6,34894.7,34842.7,35290.5,35250.3,35338.0,35420.6,35988.8,35922.3,36283.6,36623.6,36766.3,36551.2,36739.9,37187.4,37154.3,37205.4
 "50000","Vermont",1,SQGDP1,2,"...","Chain-type quantity indexes for real GDP ","Quantity index",89.695,89.394,89.888,90.445,91.004,90.492,90.173,89.443,88.868,89.677,90.444,90.599,92.737,93.043,92.995,91.515,90.193,89.789,90.814,92.095,92.794,94.623,95.970,95.765,95.532,96.929,96.843,99.335,98.024,99.223,98.105,96.167,97.078,96.712,96.029,96.746,96.221,96.996,98.479,99.202,98.082,98.094,98.653,98.465,98.807,98.800,99.470,99.528,99.712,99.642,100.168,100.477,100.787,101.001,100.588,100.552,101.685,101.472,102.979,103.072,103.669,92.241,100.671,101.203,101.886,102.484,103.469,104.375,106.279,107.074,106.915,108.289,108.166,108.435,108.688,110.432,110.227,111.336,112.379,112.817,112.157,112.736,114.110,114.008,114.165
 "50000","Vermont",1,SQGDP1,3,"...","Current-dollar GDP (millions of current dollars) ","Millions of current dollars",23545.3,23576.4,23825.5,24104.7,24469.1,24479.5,24579.7,24500.2,24566.5,24914.0,25260.1,25360.2,25959.6,26076.0,26287.9,26238.2,26025.0,25938.7,26257.3,26658.8,26809.7,27402.9,27833.3,27867.3,27896.2,28417.3,28579.7,29340.8,29136.8,29669.8,29465.7,29030.1,29446.8,29413.6,29345.9,29704.2,29645.4,30073.5,30668.5,31050.4,30845.3,31020.9,31363.0,31380.3,31523.0,31710.0,31995.4,32132.5,32333.0,32378.1,32686.6,32959.2,33251.7,33532.0,33508.0,33638.8,34244.0,34386.4,35111.7,35299.1,35796.8,31881.6,35127.3,35483.4,36110.9,36824.0,37689.4,38539.0,39905.3,40930.9,41431.4,42577.2,43061.3,43574.9,44096.6,44993.4,45267.4,46030.7,46660.0,47146.2,47307.5,47920.8,48887.8,49285.1,49766.1
 "51000","Virginia",5,SQGDP1,1,"...","Real GDP (millions of chained 2017 dollars) 1/","Millions of chained 2017 dollars",435696.1,440626.2,445933.4,446102.5,451675.5,451146.5,450895.4,451335.0,454548.4,455549.1,459533.2,460644.8,459850.5,464445.2,465329.7,458513.4,454940.1,458521.7,460604.1,466235.1,469452.4,475379.6,478441.8,479523.4,476714.3,478945.8,479365.6,483259.9,482171.8,483030.0,484429.2,482534.5,489999.3,487581.2,488724.3,488660.3,485534.4,488846.7,490370.8,490922.5,493698.2,499128.9,501824.7,501122.6,499218.7,502962.6,506551.4,511698.2,510171.6,513422.3,516380.7,520694.0,523863.5,526704.6,530187.4,530314.6,533744.8,536849.0,545541.4,547976.6,542710.3,509416.3,540752.7,548018.2,557136.8,563312.2,567481.1,575232.5,573454.6,574729.9,582924.4,586098.5,591222.1,596129.8,601251.1,608440.9,607243.5,611835.0,615503.9,620252.5,619328.1,622001.2,628655.8,625810.6,626535.1
 "51000","Virginia",5,SQGDP1,2,"...","Chain-type quantity indexes for real GDP ","Quantity index",84.574,85.531,86.561,86.594,87.676,87.573,87.524,87.609,88.233,88.427,89.201,89.417,89.262,90.154,90.326,89.003,88.309,89.004,89.409,90.502,91.126,92.277,92.871,93.081,92.536,92.969,93.050,93.806,93.595,93.762,94.033,93.666,95.115,94.645,94.867,94.855,94.248,94.891,95.187,95.294,95.833,96.887,97.410,97.274,96.904,97.631,98.328,99.327,99.030,99.661,100.236,101.073,101.688,102.240,102.916,102.940,103.606,104.209,105.896,106.369,105.346,98.884,104.966,106.377,108.147,109.346,110.155,111.659,111.314,111.562,113.152,113.769,114.763,115.716,116.710,118.106,117.873,118.764,119.477,120.398,120.219,120.738,122.029,121.477,121.618
 "51000","Virginia",5,SQGDP1,3,"...","Current-dollar GDP (millions of current dollars) ","Millions of current dollars",348612.4,354831.7,361805.5,364458.5,372507.4,375442.6,377805.9,379961.9,386097.8,389268.3,394654.1,396361.8,396614.4,401264.4,405709.2,405043.1,404765.5,408385.1,410737.9,415852.6,418179.6,425101.9,428201.8,430480.1,428502.3,432007.2,434965.9,439259.4,440663.2,444061.5,447677.3,447632.0,455682.9,454237.2,457019.1,460707.2,458674.8,464004.2,468383.6,471344.2,476792.4,484653.5,489970.6,490746.9,490152.9,496574.1,501233.0,508169.7,508022.6,511903.1,517140.9,523602.0,529524.4,535484.0,540710.7,542914.1,550280.4,556064.0,567855.3,572607.3,571312.9,536760.2,573296.8,583035.9,597493.8,609541.7,620596.0,637120.1,644175.1,656473.1,674543.3,687307.2,703514.2,716321.9,729369.5,741863.8,746599.7,757687.2,766029.3,776619.1,781546.9,791229.0,807318.9,813696.8,818235.4
 "53000","Washington",8,SQGDP1,1,"...","Real GDP (millions of chained 2017 dollars) 1/","Millions of chained 2017 dollars",353656.5,357307.6,358068.6,364552.5,368433.6,369574.1,372581.6,377990.9,379288.1,391041.7,399727.5,406830.4,399801.0,403326.3,406554.9,394690.5,387825.6,389395.7,389816.6,396218.0,395822.5,403432.2,406403.2,408227.4,407772.7,409751.9,410108.4,418669.8,423481.1,426625.0,430093.7,425588.2,435032.1,436114.3,443173.8,443568.5,447468.6,451685.4,461886.6,463705.5,469852.5,475605.2,481172.3,480231.5,490534.3,489745.3,495659.7,506960.2,514653.3,521383.0,530953.7,541687.4,552816.4,557718.6,567438.7,569169.2,580940.3,584424.1,592072.8,597740.5,590990.0,557075.5,601905.9,598699.7,614968.4,626627.7,625479.3,637413.2,635403.0,637589.3,645454.5,653623.5,661691.4,662872.6,675387.1,683960.1,687694.4,703287.6,705972.2,711975.0,710202.4,716173.1,722171.8,721536.2,729535.7
 "53000","Washington",8,SQGDP1,2,"...","Chain-type quantity indexes for real GDP ","Quantity index",67.086,67.779,67.923,69.153,69.889,70.105,70.676,71.702,71.948,74.178,75.825,77.173,75.839,76.508,77.120,74.870,73.568,73.865,73.945,75.160,75.084,76.528,77.092,77.438,77.351,77.727,77.794,79.418,80.331,80.928,81.585,80.731,82.522,82.728,84.067,84.142,84.881,85.681,87.616,87.961,89.127,90.219,91.275,91.096,93.051,92.901,94.023,96.166,97.626,98.902,100.718,102.754,104.865,105.795,107.639,107.967,110.200,110.861,112.312,113.387,112.106,105.673,114.177,113.569,116.655,118.866,118.649,120.912,120.531,120.946,122.438,123.987,125.518,125.742,128.116,129.742,130.450,133.408,133.918,135.056,134.720,135.853,136.990,136.870,138.387
 "53000","Washington",8,SQGDP1,3,"...","Current-dollar GDP (millions of current dollars) ","Millions of current dollars",286739.2,291622.4,294076.5,301169.8,307486.7,310921.3,315919.9,322435.5,326570.8,338301.5,347535.1,354441.8,348653.8,351895.1,357270.7,352023.2,347446.9,348616.1,348857.1,354861.6,354367.1,362932.8,366717.1,370159.8,371464.9,374988.9,377637.3,385984.2,392605.0,397902.4,402785.0,400141.7,410769.4,412649.7,420950.4,423327.0,427896.6,434561.5,446457.5,450489.3,458268.4,466004.7,473298.1,472791.3,482834.2,483779.4,489900.2,502647.1,512328.0,520318.4,531610.4,544420.7,557501.2,565939.8,577168.8,580741.2,596493.3,603174.9,613664.4,621241.1,618718.6,582594.0,634871.9,634771.9,657139.8,680218.3,687302.5,708807.2,718298.9,730895.7,748185.6,766631.2,783299.7,791002.7,809287.5,822232.0,831633.4,855921.2,862187.0,874312.6,876760.9,889424.6,903683.2,910091.6,924525.7
 "54000","West Virginia",5,SQGDP1,1,"...","Real GDP (millions of chained 2017 dollars) 1/","Millions of chained 2017 dollars",67550.4,68443.6,67715.8,67845.2,68642.7,68949.2,68872.8,69135.3,68849.1,69265.5,69719.0,69662.7,69550.0,70434.7,71212.0,72670.3,72474.2,70913.9,69880.3,70277.5,70034.3,71308.7,73258.8,72693.3,71794.4,73243.0,73446.5,74216.8,73737.6,73968.2,72801.4,71990.9,73964.8,73838.7,73840.1,74152.2,72956.3,74087.8,74550.9,74850.1,74439.6,74461.3,74213.3,73931.3,74212.5,73463.2,73292.7,73084.6,74872.4,74811.3,75386.7,75619.4,76218.4,77353.2,78193.5,77861.0,76945.5,77062.2,77703.4,76937.7,76488.9,70433.5,76024.6,75971.6,76289.5,75814.4,76363.4,76456.1,76341.2,76201.6,78079.0,79574.6,79239.5,80564.2,80097.1,81558.9,82570.0,82665.7,82536.9,83093.1,82105.2,82927.7,83932.6,83717.3,84016.4
 "54000","West Virginia",5,SQGDP1,2,"...","Chain-type quantity indexes for real GDP ","Quantity index",89.861,91.049,90.081,90.253,91.314,91.721,91.620,91.969,91.588,92.142,92.745,92.671,92.521,93.697,94.732,96.671,96.411,94.335,92.960,93.488,93.165,94.860,97.454,96.702,95.506,97.433,97.704,98.729,98.091,98.398,96.846,95.768,98.393,98.226,98.228,98.643,97.052,98.557,99.173,99.571,99.025,99.054,98.724,98.349,98.723,97.726,97.499,97.223,99.601,99.520,100.285,100.595,101.391,102.901,104.019,103.577,102.359,102.514,103.367,102.348,101.751,93.696,101.134,101.063,101.486,100.854,101.584,101.708,101.555,101.369,103.867,105.856,105.410,107.172,106.551,108.496,109.841,109.968,109.797,110.537,109.222,110.317,111.653,111.367,111.765
 "54000","West Virginia",5,SQGDP1,3,"...","Current-dollar GDP (millions of current dollars) ","Millions of current dollars",52183.5,53428.0,54088.3,55557.4,56235.0,57132.8,57624.8,57823.7,58223.8,59324.1,59989.6,60384.1,60565.9,62935.5,64354.9,64058.5,64127.6,63620.7,63600.7,64811.2,64904.3,65446.9,67166.2,67124.2,67159.9,69557.5,69941.6,70811.5,70832.0,70885.3,70017.4,69477.9,71435.7,71479.3,71927.6,72192.0,71749.4,73277.2,73819.8,73324.2,71419.3,72417.1,71880.8,71136.5,70429.0,71031.9,71480.0,72054.4,74574.0,74471.6,75203.2,76441.1,77852.7,79548.8,80969.0,80806.9,79583.3,80123.6,80667.5,80595.1,79455.7,71078.5,79133.6,80478.4,83603.3,85437.4,88119.4,91555.2,94094.0,99382.5,101288.5,100531.2,99631.0,100232.4,101731.8,104324.4,105740.4,106745.5,106237.6,107177.1,108127.9,108138.5,110273.3,110566.7,114502.2
 "55000","Wisconsin",3,SQGDP1,1,"...","Real GDP (millions of chained 2017 dollars) 1/","Millions of chained 2017 dollars",279902.3,281326.0,284557.8,282476.6,286216.2,286780.0,287276.0,288314.1,288576.7,289401.7,290829.8,290612.7,288584.9,289724.5,286753.8,279755.7,273478.6,275251.9,278009.5,282377.5,282594.8,285988.2,289735.6,292293.0,290375.7,292629.8,294896.2,296754.1,300117.3,300594.6,298154.7,297164.0,299961.0,300046.8,301753.8,304440.3,303094.9,309913.4,311752.2,312942.8,314380.5,315612.4,315959.5,316798.7,317553.9,318311.7,321124.9,320098.5,320337.6,320226.5,323255.0,323728.0,328430.7,327148.2,329209.2,330541.4,330412.3,332654.2,333482.7,336477.9,328507.4,306212.3,328558.7,332779.1,330645.2,334763.8,334178.0,339807.5,340004.0,341126.1,343315.7,343055.1,343507.6,344297.0,348512.8,352115.5,350692.7,353135.8,356768.5,356931.5,355313.8,358475.1,362279.4,362343.9,363124.8
 "55000","Wisconsin",3,SQGDP1,2,"...","Chain-type quantity indexes for real GDP ","Quantity index",86.957,87.399,88.403,87.757,88.918,89.093,89.248,89.570,89.652,89.908,90.352,90.284,89.654,90.008,89.085,86.911,84.961,85.512,86.369,87.726,87.793,88.847,90.012,90.806,90.211,90.911,91.615,92.192,93.237,93.385,92.627,92.319,93.188,93.215,93.745,94.580,94.162,96.280,96.852,97.221,97.668,98.051,98.159,98.419,98.654,98.889,99.763,99.444,99.519,99.484,100.425,100.572,102.033,101.635,102.275,102.689,102.649,103.345,103.602,104.533,102.057,95.130,102.073,103.384,102.721,104.000,103.818,105.567,105.628,105.977,106.657,106.576,106.717,106.962,108.272,109.391,108.949,109.708,110.837,110.887,110.385,111.367,112.549,112.569,112.811
 "55000","Wisconsin",3,SQGDP1,3,"...","Current-dollar GDP (millions of current dollars) ","Millions of current dollars",223456.8,225646.4,229638.5,229008.3,234160.8,236636.1,238856.5,240634.1,243187.4,245269.0,247436.8,247457.6,245880.2,246882.2,247440.5,245769.1,242580.7,244436.7,247224.6,251053.1,250533.8,254484.7,258165.5,261453.9,260578.1,263809.6,267744.9,269643.4,274454.5,276781.4,276577.4,277200.4,281107.3,281432.6,284162.2,288463.5,287741.1,295891.9,299244.0,301802.7,304572.4,307803.8,309779.4,311062.4,312021.6,314558.0,317546.3,317554.1,318856.1,319183.8,323760.0,325747.3,332315.7,333185.8,336266.8,338808.9,340604.7,345341.5,348289.7,353390.6,348298.9,324290.4,350325.5,355849.3,356710.9,366260.9,370684.2,382333.2,390467.1,400174.3,408536.9,415102.7,421959.8,426884.2,436223.3,442588.5,444740.2,450289.6,457304.8,460860.0,462006.3,468828.0,478547.6,482767.7,487477.0
 "56000","Wyoming",7,SQGDP1,1,"...","Real GDP (millions of chained 2017 dollars) 1/","Millions of chained 2017 dollars",32438.9,33000.3,32043.6,32369.7,34634.2,36063.7,37523.7,38401.0,38935.5,39413.5,39545.0,40125.4,40474.9,40524.7,41111.2,44454.2,44061.4,40885.2,39453.7,37998.0,38623.8,39146.3,39629.0,39144.3,38710.7,38759.1,38793.8,39455.7,38625.0,38652.9,37613.8,37448.2,38538.6,38107.9,38296.2,38692.3,38430.0,38957.0,39544.7,40217.3,40806.2,39671.3,40111.0,39667.0,39493.3,37963.2,37250.8,36706.8,37147.2,37854.0,37702.9,37777.0,37686.3,37965.9,38057.3,38199.3,38056.4,38225.4,39043.6,38983.1,38364.3,35099.3,36340.9,36049.5,37086.8,37249.1,37089.0,37305.4,38264.5,37052.9,37236.1,38208.7,38960.0,39843.9,40273.7,40295.3,39244.4,39663.7,40167.8,40046.9,39472.3,39982.7,40271.1,40235.7,40367.9
 "56000","Wyoming",7,SQGDP1,2,"...","Chain-type quantity indexes for real GDP ","Quantity index",86.227,87.719,85.176,86.043,92.063,95.862,99.743,102.075,103.496,104.767,105.116,106.659,107.588,107.720,109.279,118.165,117.121,108.679,104.873,101.004,102.667,104.056,105.339,104.051,102.898,103.027,103.119,104.879,102.671,102.745,99.983,99.543,102.441,101.296,101.797,102.849,102.152,103.553,105.115,106.903,108.469,105.452,106.621,105.440,104.979,100.911,99.018,97.572,98.743,100.621,100.220,100.417,100.175,100.919,101.162,101.539,101.159,101.608,103.783,103.622,101.978,93.299,96.599,95.825,98.582,99.013,98.588,99.163,101.712,98.492,98.979,101.564,103.561,105.911,107.053,107.110,104.317,105.432,106.772,106.450,104.923,106.280,107.046,106.952,107.304
 "56000","Wyoming",7,SQGDP1,3,"...","Current-dollar GDP (millions of current dollars) ","Millions of current dollars",25777.3,26908.2,27743.4,29691.7,30678.0,32270.6,33813.0,34007.4,34935.3,36548.6,37136.8,39030.7,40685.3,44108.0,44543.5,41441.8,38494.1,35854.5,35313.9,35466.3,37432.0,37161.8,37748.2,37928.0,38677.2,39878.2,39649.9,40254.9,39573.1,38994.9,38059.9,38089.3,39345.0,39055.5,39589.4,39472.4,39871.5,40733.1,41076.9,40614.1,39138.3,38909.6,38766.1,37685.4,36393.3,36117.0,35939.4,35973.8,37001.8,37633.6,37471.5,38374.3,38902.1,39497.2,39969.9,40088.6,39383.6,39711.0,40296.5,40726.8,39391.6,34111.3,36917.2,37510.7,40063.0,41684.7,42788.4,45106.1,48220.2,49995.4,50051.1,50014.7,50515.6,50597.0,52039.5,52248.2,50716.5,51530.8,51928.0,51817.3,52166.7,52187.2,52961.3,53174.0,54918.9
 "91000","New England",1,SQGDP1,1,"...","Real GDP (millions of chained 2017 dollars) 1/","Millions of chained 2017 dollars",881853.3,885826.2,891549.2,898217.0,909670.4,911416.4,911214.0,925061.4,930055.7,934275.3,938907.3,941001.4,957726.1,957237.7,939371.8,910781.0,915415.6,913730.3,920993.6,929914.2,935678.1,947991.4,957652.1,954219.7,940841.4,961148.4,952455.3,964734.6,964981.5,971143.0,970855.2,967340.6,967160.6,964260.5,971150.0,973295.4,965464.1,975827.7,988007.8,1001685.1,1005159.6,1015077.9,1013176.9,1020935.5,1017233.4,1021432.3,1027905.1,1027726.2,1027397.1,1035201.7,1044459.4,1051123.5,1058146.8,1059945.5,1066168.4,1065651.3,1074603.2,1080024.5,1091180.5,1099086.7,1089692.9,998518.7,1074340.9,1093265.3,1095048.6,1121522.4,1134395.7,1145049.0,1138459.7,1144939.6,1145583.8,1162064.1,1154582.1,1159008.6,1167977.3,1177517.7,1177908.3,1187016.1,1193183.7,1191794.7,1197772.4,1209246.0,1221714.0,1224340.7,1230533.3
 "91000","New England",1,SQGDP1,2,"...","Chain-type quantity indexes for real GDP ","Quantity index",84.831,85.213,85.763,86.405,87.507,87.675,87.655,88.987,89.468,89.873,90.319,90.520,92.129,92.082,90.364,87.613,88.059,87.897,88.596,89.454,90.008,91.193,92.122,91.792,90.505,92.459,91.622,92.804,92.827,93.420,93.392,93.054,93.037,92.758,93.421,93.627,92.874,93.871,95.042,96.358,96.692,97.646,97.463,98.210,97.854,98.258,98.880,98.863,98.831,99.582,100.473,101.114,101.789,101.962,102.561,102.511,103.372,103.894,104.967,105.728,104.824,96.053,103.347,105.168,105.339,107.886,109.124,110.149,109.515,110.138,110.200,111.786,111.066,111.492,112.355,113.272,113.310,114.186,114.779,114.646,115.221,116.325,117.524,117.777,118.372
 "91000","New England",1,SQGDP1,3,"...","Current-dollar GDP (millions of current dollars) ","Millions of current dollars",705148.1,712419.8,721127.4,730350.0,746701.1,755054.5,759468.0,774556.0,785293.4,792731.0,800213.5,803377.2,818746.2,817439.7,809419.7,796036.9,804360.0,803095.9,810138.3,818255.7,822430.2,837025.2,846865.8,846850.4,836770.0,858549.7,856198.2,868832.4,874571.9,884747.4,888928.6,890012.0,893665.2,893978.2,904850.4,913200.7,908339.6,922552.7,939537.1,957186.4,966722.6,981775.7,985105.7,995649.7,995827.9,1006235.8,1015637.6,1019399.1,1021732.8,1032162.6,1046328.6,1057957.8,1071415.9,1080179.9,1090272.2,1093185.2,1108662.4,1120923.5,1138312.1,1150795.0,1150748.5,1055644.8,1143515.4,1168122.6,1180190.5,1220287.6,1247834.6,1275153.1,1285923.4,1312681.7,1330401.1,1368085.3,1377458.5,1396463.3,1419487.8,1439134.0,1453899.4,1476091.2,1492172.8,1499941.8,1518013.6,1543652.6,1574276.4,1592989.3,1612522.9
 "92000","Mideast",2,SQGDP1,1,"...","Real GDP (millions of chained 2017 dollars) 1/","Millions of chained 2017 dollars",2933727.9,2955189.6,2993447.1,3024112.7,3023673.5,3024067.8,3023121.7,3047105.1,3083609.0,3064652.9,3076464.5,3087020.8,3099436.6,3110357.0,3106708.2,3040920.0,3028190.8,3083888.6,3105621.3,3152292.0,3172866.8,3207081.0,3200800.4,3198064.3,3207330.6,3211941.0,3214109.3,3244645.1,3273263.9,3295478.2,3318992.7,3317441.3,3314451.6,3322283.1,3334959.2,3366343.1,3347903.5,3380432.4,3417252.0,3437903.6,3446426.1,3474850.2,3477123.8,3463163.9,3507152.6,3515377.2,3517611.5,3534196.8,3547629.1,3549426.0,3577498.6,3616543.7,3628344.3,3644608.3,3663420.8,3652995.3,3669581.0,3702730.5,3724496.8,3747448.6,3709638.9,3385604.3,3640415.4,3679902.9,3699598.3,3746943.5,3782536.2,3866340.7,3837983.6,3827725.5,3850252.0,3860446.1,3854311.4,3867492.1,3916911.5,3928920.3,3935911.1,3973601.0,4004126.3,4019386.9,4024250.4,4057531.4,4100927.0,4100756.8,4112262.2
 "92000","Mideast",2,SQGDP1,2,"...","Chain-type quantity indexes for real GDP ","Quantity index",82.113,82.714,83.785,84.643,84.631,84.642,84.616,85.287,86.309,85.778,86.109,86.404,86.752,87.057,86.955,85.114,84.757,86.316,86.925,88.231,88.807,89.764,89.589,89.512,89.771,89.900,89.961,90.816,91.617,92.239,92.897,92.853,92.770,92.989,93.344,94.222,93.706,94.616,95.647,96.225,96.464,97.259,97.323,96.932,98.163,98.393,98.456,98.920,99.296,99.346,100.132,101.225,101.555,102.011,102.537,102.245,102.710,103.637,104.247,104.889,103.831,94.761,101.893,102.998,103.550,104.875,105.871,108.217,107.423,107.136,107.766,108.052,107.880,108.249,109.632,109.968,110.164,111.219,112.073,112.500,112.637,113.568,114.783,114.778,115.100
 "92000","Mideast",2,SQGDP1,3,"...","Current-dollar GDP (millions of current dollars) ","Millions of current dollars",2298988.0,2330926.1,2376695.5,2417141.4,2440750.0,2466346.0,2482371.6,2516268.3,2571188.0,2570489.9,2595740.5,2612106.9,2627829.5,2635745.4,2653114.7,2625053.2,2619325.5,2663826.7,2685206.0,2730072.7,2752187.3,2800296.4,2802002.8,2812704.8,2827593.7,2846844.4,2866705.5,2899193.7,2944607.1,2979862.2,3017665.8,3032775.8,3044032.4,3063132.3,3092349.2,3146082.7,3142096.4,3191068.1,3245515.4,3278617.1,3303794.1,3349510.2,3367001.9,3360641.0,3415194.6,3446544.8,3462714.2,3495940.9,3522010.8,3537191.4,3585518.6,3646376.7,3684755.8,3728685.5,3763477.6,3767138.9,3804412.4,3861634.7,3901940.6,3936793.1,3927377.3,3581289.9,3878026.1,3940419.5,4003714.2,4101912.0,4192762.6,4345545.5,4384008.5,4445433.3,4527440.0,4596720.0,4646089.6,4703235.3,4801212.9,4843486.5,4904094.0,4990511.2,5060413.6,5114225.5,5159722.7,5239947.2,5350332.4,5407078.2,5463434.4
 "93000","Great Lakes",3,SQGDP1,1,"...","Real GDP (millions of chained 2017 dollars) 1/","Millions of chained 2017 dollars",2398621.1,2406568.7,2415993.1,2413417.7,2423558.8,2426329.9,2423127.6,2430902.5,2437174.4,2448924.7,2457514.8,2458252.0,2436461.1,2440786.9,2407234.7,2328901.2,2272762.1,2269369.3,2280785.5,2316650.5,2322506.5,2358193.9,2394001.1,2400667.8,2401665.4,2412755.5,2419642.9,2452433.8,2466531.3,2471704.0,2465418.0,2449682.9,2493958.7,2491490.3,2509491.7,2528988.8,2524843.7,2567549.8,2592389.7,2592235.5,2592468.4,2606808.9,2611299.5,2614189.8,2610337.2,2627274.2,2637645.0,2654531.3,2653328.0,2665345.4,2673786.7,2685693.3,2712033.1,2713550.5,2727499.6,2735525.6,2728920.1,2747363.0,2773371.0,2778119.8,2717181.6,2471654.3,2697839.3,2725252.9,2753052.7,2797224.0,2803883.3,2842205.0,2838398.6,2835861.6,2842132.6,2853059.7,2864774.0,2877849.1,2908469.7,2927734.9,2924853.9,2946855.6,2959527.2,2966463.6,2958244.4,2987094.7,3022036.1,3027379.8,3035424.2
 "93000","Great Lakes",3,SQGDP1,2,"...","Chain-type quantity indexes for real GDP ","Quantity index",89.852,90.149,90.502,90.406,90.786,90.889,90.770,91.061,91.296,91.736,92.058,92.085,91.269,91.431,90.174,87.240,85.137,85.010,85.437,86.781,87.000,88.337,89.678,89.928,89.966,90.381,90.639,91.867,92.395,92.589,92.354,91.764,93.423,93.330,94.005,94.735,94.580,96.180,97.110,97.104,97.113,97.650,97.818,97.927,97.782,98.417,98.805,99.438,99.393,99.843,100.159,100.605,101.592,101.649,102.171,102.472,102.224,102.915,103.890,104.067,101.785,92.587,101.060,102.087,103.128,104.783,105.033,106.468,106.325,106.230,106.465,106.875,107.313,107.803,108.950,109.672,109.564,110.388,110.863,111.123,110.815,111.896,113.204,113.405,113.706
 "93000","Great Lakes",3,SQGDP1,3,"...","Current-dollar GDP (millions of current dollars) ","Millions of current dollars",1912398.1,1928923.2,1948513.8,1956275.9,1982041.0,2001610.4,2012536.4,2028258.5,2052549.8,2073358.9,2089065.3,2091821.9,2075573.6,2079672.4,2073397.7,2037335.7,2001532.8,1998043.5,2010557.9,2042690.3,2045667.5,2086798.6,2122656.4,2137789.9,2146935.3,2169137.9,2191907.4,2225754.5,2254078.4,2273558.1,2282689.8,2278414.7,2326683.3,2326228.4,2352564.2,2386683.6,2388739.3,2442412.8,2480830.7,2492410.7,2506729.0,2535928.4,2552403.8,2559172.4,2557294.9,2587829.7,2601364.4,2628493.0,2637617.1,2655613.7,2679152.1,2705770.4,2749650.9,2770542.9,2793882.8,2811228.6,2819920.4,2855748.4,2895416.6,2910911.4,2866557.1,2602719.9,2860020.5,2898268.3,2958070.7,3050612.7,3105913.5,3201335.0,3267608.1,3338744.7,3392690.4,3455587.9,3515101.6,3556886.3,3625008.3,3661185.8,3687195.3,3733657.8,3766280.8,3798980.9,3817134.7,3879780.6,3964183.9,4007360.7,4051094.6
 "94000","Plains",4,SQGDP1,1,"...","Real GDP (millions of chained 2017 dollars) 1/","Millions of chained 2017 dollars",1026518.9,1029818.7,1038601.1,1035850.7,1044484.8,1055101.4,1042971.4,1048472.7,1057833.6,1071834.1,1073499.7,1084031.2,1095370.8,1103457.3,1095284.5,1074190.3,1058591.5,1056321.1,1064798.4,1077392.9,1078536.9,1090978.7,1102951.7,1111574.3,1107927.4,1118784.7,1118659.0,1136469.2,1152528.3,1155826.9,1146781.9,1144437.4,1158143.8,1161520.1,1173338.6,1178643.4,1176692.5,1200011.7,1214068.1,1217654.4,1222635.9,1224992.2,1229515.0,1231614.2,1227997.6,1230458.6,1244226.7,1248262.8,1250039.9,1250515.8,1246210.1,1256271.6,1267728.6,1272504.8,1277920.7,1277949.2,1273159.5,1281743.3,1295724.2,1303276.8,1284861.6,1195947.0,1279854.9,1297882.0,1312546.2,1338499.9,1333294.9,1340120.2,1348656.7,1351639.1,1362575.7,1360150.1,1371898.0,1375958.9,1390034.5,1402793.8,1398325.4,1409097.4,1415557.7,1417178.6,1410427.0,1425070.0,1440005.5,1445741.1,1446397.1
 "94000","Plains",4,SQGDP1,2,"...","Chain-type quantity indexes for real GDP ","Quantity index",82.072,82.335,83.038,82.818,83.508,84.357,83.387,83.827,84.575,85.695,85.828,86.670,87.576,88.223,87.570,85.883,84.636,84.454,85.132,86.139,86.231,87.225,88.183,88.872,88.580,89.448,89.438,90.862,92.146,92.410,91.687,91.499,92.595,92.865,93.810,94.234,94.078,95.943,97.066,97.353,97.751,97.940,98.301,98.469,98.180,98.377,99.478,99.800,99.942,99.981,99.636,100.441,101.357,101.739,102.172,102.174,101.791,102.477,103.595,104.199,102.727,95.618,102.326,103.768,104.940,107.015,106.599,107.145,107.827,108.065,108.940,108.746,109.685,110.010,111.135,112.155,111.798,112.659,113.176,113.305,112.766,113.936,115.131,115.589,115.642
 "94000","Plains",4,SQGDP1,3,"...","Current-dollar GDP (millions of current dollars) ","Millions of current dollars",818898.2,826058.3,838425.7,840630.3,855240.0,870716.0,868206.7,877558.5,895494.7,913077.1,919826.9,932218.2,942393.5,951200.7,952657.6,942902.6,930877.1,928393.6,935779.1,950738.6,952254.3,967336.1,981275.9,995920.5,1000302.1,1017011.5,1024543.9,1039683.9,1062222.3,1071689.0,1071566.0,1077102.7,1098304.1,1100707.8,1115520.7,1123261.7,1125800.9,1157206.2,1173438.8,1179890.5,1184180.7,1193950.7,1202999.7,1205123.5,1200198.7,1210165.2,1225156.3,1233560.1,1242728.3,1246512.2,1248061.3,1265735.5,1285328.4,1298790.1,1307737.1,1312544.3,1313354.5,1330848.4,1352404.3,1366784.9,1356750.3,1255536.9,1356159.6,1383387.8,1416446.1,1472749.7,1490895.4,1521923.9,1569998.1,1614449.5,1648613.3,1666035.9,1696529.7,1709094.3,1740015.7,1759420.1,1768256.1,1791099.5,1809557.5,1826346.0,1835429.6,1861750.1,1898535.8,1920404.2,1935061.1
 "95000","Southeast",5,SQGDP1,1,"...","Real GDP (millions of chained 2017 dollars) 1/","Millions of chained 2017 dollars",3601659.9,3622054.2,3648802.1,3667123.4,3710352.2,3722825.8,3721786.9,3749421.8,3729688.0,3741137.4,3758668.1,3779603.7,3760195.5,3782523.9,3753877.2,3659104.0,3605036.5,3593554.0,3602431.8,3644049.3,3650148.3,3686452.5,3717973.6,3727106.4,3696144.9,3717923.2,3708605.0,3741379.2,3764860.8,3768402.4,3767403.6,3749838.6,3815560.0,3807928.0,3837260.4,3851371.4,3848030.5,3893913.9,3927501.8,3941614.9,3970278.1,4007673.4,4030098.4,4039767.2,4059756.2,4083284.6,4116612.5,4148614.3,4175473.5,4190326.9,4212691.8,4261864.6,4284981.8,4303286.3,4331244.2,4343021.2,4371548.5,4394760.1,4447392.3,4478709.6,4425684.9,4083905.6,4418345.3,4457274.5,4543566.6,4629032.0,4671803.7,4760826.6,4755474.3,4790529.5,4840199.2,4894477.3,4933752.4,4953331.9,5009887.7,5068036.0,5080836.8,5121843.4,5169251.9,5199811.9,5202572.0,5239395.1,5296869.1,5300312.4,5326630.0
 "95000","Southeast",5,SQGDP1,2,"...","Chain-type quantity indexes for real GDP ","Quantity index",85.548,86.033,86.668,87.103,88.130,88.426,88.402,89.058,88.589,88.861,89.278,89.775,89.314,89.844,89.164,86.913,85.629,85.356,85.567,86.555,86.700,87.562,88.311,88.528,87.793,88.310,88.089,88.867,89.425,89.509,89.485,89.068,90.629,90.448,91.144,91.480,91.400,92.490,93.288,93.623,94.304,95.192,95.725,95.954,96.429,96.988,97.780,98.540,99.178,99.531,100.062,101.230,101.779,102.214,102.878,103.157,103.835,104.386,105.637,106.380,105.121,97.003,104.947,105.871,107.921,109.951,110.967,113.081,112.954,113.787,114.967,116.256,117.189,117.654,118.997,120.378,120.682,121.656,122.782,123.508,123.574,124.449,125.814,125.895,126.521
 "95000","Southeast",5,SQGDP1,3,"...","Current-dollar GDP (millions of current dollars) ","Millions of current dollars",2853287.0,2888106.5,2935957.9,2975463.0,3035226.2,3073278.0,3096212.8,3130366.1,3144220.4,3174441.7,3204808.7,3230345.5,3222019.1,3251278.3,3258460.1,3204554.9,3168355.7,3156244.5,3169015.9,3211111.3,3219613.2,3266229.2,3301961.5,3326517.0,3311903.5,3351581.2,3365515.5,3400285.9,3442929.4,3465844.9,3485630.4,3485800.3,3557447.8,3555789.2,3599637.4,3637121.9,3644786.1,3709107.8,3761856.9,3790568.4,3833071.1,3891753.1,3931592.0,3947810.0,3970579.7,4016805.4,4057452.2,4106632.9,4150654.3,4175121.8,4220290.3,4294290.2,4345224.5,4394740.1,4438692.9,4468347.7,4524460.7,4574251.7,4649578.1,4699524.5,4673459.0,4306798.4,4697509.9,4760612.1,4908437.3,5074452.8,5201281.3,5390296.1,5490459.0,5650961.9,5785086.3,5924794.1,6045400.2,6114683.8,6238746.6,6337804.9,6403483.9,6494421.0,6582545.4,6660897.2,6720830.0,6818406.4,6957126.6,7028549.0,7121695.6
 "96000","Southwest",6,SQGDP1,1,"...","Real GDP (millions of chained 2017 dollars) 1/","Millions of chained 2017 dollars",1645421.3,1643377.0,1647713.7,1658385.3,1729632.0,1742074.5,1758024.3,1788516.3,1805208.3,1834576.0,1843257.4,1848172.1,1829579.5,1829239.8,1827634.2,1846477.9,1819092.7,1797115.7,1801645.0,1814985.0,1829648.9,1842755.8,1860193.2,1873997.2,1880727.3,1904078.6,1914109.4,1951539.9,1973614.2,1992276.5,1995741.3,2023776.2,2050173.2,2066513.5,2085482.4,2100754.3,2090448.4,2124970.0,2160852.8,2183897.7,2229535.0,2212752.7,2233082.3,2244071.6,2234795.1,2232683.4,2238251.2,2238104.5,2253528.6,2270152.9,2295227.8,2325733.5,2352559.8,2378633.0,2396407.7,2412567.9,2420389.2,2444796.0,2492865.6,2508824.7,2470954.2,2311189.2,2468552.2,2505558.3,2544986.6,2587993.9,2611840.2,2650421.0,2652268.2,2654072.6,2694651.7,2748671.0,2825802.7,2866914.3,2909522.8,2945982.9,2947907.2,2986191.7,3021816.1,3040332.8,3016248.8,3060605.2,3092689.7,3102548.3,3110803.8
 "96000","Southwest",6,SQGDP1,2,"...","Chain-type quantity indexes for real GDP ","Quantity index",71.973,71.884,72.073,72.540,75.657,76.201,76.899,78.232,78.962,80.247,80.627,80.842,80.028,80.014,79.943,80.768,79.570,78.608,78.807,79.390,80.032,80.605,81.368,81.971,82.266,83.287,83.726,85.363,86.329,87.145,87.297,88.523,89.678,90.392,91.222,91.890,91.439,92.949,94.519,95.527,97.523,96.789,97.678,98.159,97.753,97.661,97.904,97.898,98.573,99.300,100.397,101.731,102.904,104.045,104.822,105.529,105.871,106.939,109.042,109.740,108.083,101.095,107.978,109.597,111.321,113.203,114.246,115.933,116.014,116.093,117.868,120.231,123.605,125.403,127.267,128.862,128.946,130.620,132.179,132.989,131.935,133.875,135.279,135.710,136.071
 "96000","Southwest",6,SQGDP1,3,"...","Current-dollar GDP (millions of current dollars) ","Millions of current dollars",1394872.0,1409269.4,1442842.3,1480360.3,1536704.3,1559161.7,1581861.1,1604905.6,1634246.6,1681821.5,1702821.3,1730712.7,1739250.7,1786620.6,1786547.8,1727966.7,1663051.3,1634055.0,1643684.9,1675224.9,1713435.8,1729200.6,1755652.5,1786982.6,1815987.3,1863401.0,1878110.1,1913430.6,1941262.1,1952735.8,1964506.6,2002829.5,2037956.1,2062785.3,2098049.2,2114566.9,2124802.6,2169102.6,2197541.8,2182357.2,2164698.2,2160841.9,2165305.9,2161443.0,2132195.6,2162271.2,2181608.1,2201858.5,2237193.3,2258541.7,2294340.2,2354567.7,2408732.7,2455552.4,2488277.1,2506357.8,2504009.0,2534177.0,2571153.6,2590911.0,2531749.9,2323345.0,2525935.0,2596693.7,2706071.6,2828564.4,2933078.3,3084541.2,3197229.0,3342015.1,3401717.0,3429582.8,3498864.0,3511887.9,3591050.9,3645404.6,3663482.6,3735404.9,3782670.3,3820981.2,3843471.2,3894421.1,3970888.6,4010483.9,4101657.7
 "97000","Rocky Mountain",7,SQGDP1,1,"...","Real GDP (millions of chained 2017 dollars) 1/","Millions of chained 2017 dollars",507155.3,510344.0,513191.0,513886.9,526960.8,529595.8,535961.9,540299.8,546420.6,554450.4,557503.3,565566.8,561015.0,566443.1,565686.7,560077.6,557560.3,546571.2,547548.7,547225.7,551539.5,552646.4,559176.5,566790.7,563877.3,566813.8,567131.1,572169.8,573261.1,574810.3,573132.5,576226.4,588288.2,590741.6,597645.0,602207.8,605865.0,613528.9,621120.4,629957.0,637717.8,639439.4,643158.3,645680.9,647919.8,649391.2,658922.3,666457.0,669132.0,675760.5,685286.8,695061.2,707847.0,709921.9,712867.5,718852.1,732245.6,739394.3,755813.9,758261.3,753739.4,706241.8,755244.8,765323.0,782043.4,791916.3,798845.0,815683.3,822070.1,819310.7,827983.5,837438.5,847380.8,855151.5,865984.9,872720.3,870401.3,881228.9,888039.0,893207.9,891375.0,899047.5,908661.2,911170.5,914790.2
 "97000","Rocky Mountain",7,SQGDP1,2,"...","Chain-type quantity indexes for real GDP ","Quantity index",74.438,74.906,75.324,75.426,77.345,77.732,78.666,79.303,80.201,81.380,81.828,83.012,82.344,83.140,83.029,82.206,81.836,80.224,80.367,80.320,80.953,81.115,82.074,83.191,82.764,83.195,83.241,83.981,84.141,84.368,84.122,84.576,86.347,86.707,87.720,88.390,88.926,90.051,91.166,92.463,93.602,93.854,94.400,94.770,95.099,95.315,96.714,97.820,98.213,99.185,100.584,102.018,103.895,104.200,104.632,105.510,107.476,108.525,110.935,111.295,110.631,103.659,110.852,112.331,114.785,116.234,117.251,119.723,120.660,120.255,121.528,122.916,124.375,125.516,127.106,128.094,127.754,129.343,130.343,131.102,130.832,131.959,133.370,133.738,134.269
 "97000","Rocky Mountain",7,SQGDP1,3,"...","Current-dollar GDP (millions of current dollars) ","Millions of current dollars",412762.8,419134.3,427632.9,434369.3,446405.9,452378.2,461243.7,466052.1,476050.4,487551.8,493481.5,504890.5,504038.4,516957.7,518300.2,502629.7,495430.2,485593.7,488147.1,492116.5,499546.1,500729.2,508170.3,518763.1,520781.6,528396.7,530753.2,535578.3,539525.3,541674.9,542420.0,548113.4,562275.8,566091.9,575746.9,580972.8,588064.5,599330.0,607545.7,613584.0,614831.8,621353.4,625008.6,626366.4,625869.6,634134.0,646355.1,657829.4,665071.1,673266.8,685592.9,701309.7,719836.7,727177.1,733482.1,741774.8,757094.7,768368.9,787011.7,792845.6,789458.7,731991.6,793312.1,810511.6,840712.3,866804.8,889996.0,929333.6,958955.7,983479.3,1004518.4,1021101.8,1039601.3,1051555.1,1074112.4,1087242.4,1091097.6,1112076.2,1124330.2,1136742.2,1146842.8,1159883.8,1181946.0,1194647.0,1213637.3
 "98000","Far West",8,SQGDP1,1,"...","Real GDP (millions of chained 2017 dollars) 1/","Millions of chained 2017 dollars",2794447.1,2821001.7,2850668.8,2876982.2,2932042.4,2931821.8,2949643.5,2975298.2,2963214.9,3005506.5,3046043.8,3093087.0,3045952.1,3092325.6,3093351.0,2995020.5,2973466.9,2939271.5,2930983.4,2948598.8,2973889.4,2993726.8,3013565.2,3061001.6,3050582.1,3066622.9,3060097.0,3086802.0,3122266.1,3137655.8,3154159.3,3179639.7,3191396.8,3218105.8,3260987.5,3326540.2,3300331.6,3337231.8,3397293.7,3407268.7,3476933.7,3517795.9,3533987.8,3538356.2,3595612.4,3597026.2,3647049.7,3677512.7,3718731.0,3767232.5,3823609.1,3880189.4,3903687.9,3938776.3,3981719.1,4003609.0,4041689.0,4091015.9,4141175.5,4187345.4,4133004.9,3803721.2,4106889.0,4159076.9,4251966.3,4327451.2,4369710.3,4437456.4,4379930.0,4369115.7,4377727.9,4380296.9,4411316.0,4453643.5,4506178.6,4541655.7,4574901.3,4606652.1,4649588.3,4679775.7,4674104.5,4719587.8,4769215.0,4776526.7,4818406.2
 "98000","Far West",8,SQGDP1,2,"...","Chain-type quantity indexes for real GDP ","Quantity index",73.588,74.287,75.068,75.761,77.211,77.205,77.675,78.350,78.032,79.146,80.213,81.452,80.211,81.432,81.459,78.869,78.302,77.401,77.183,77.647,78.313,78.835,79.358,80.607,80.333,80.755,80.583,81.286,82.220,82.626,83.060,83.731,84.041,84.744,85.873,87.600,86.909,87.881,89.463,89.725,91.560,92.636,93.062,93.177,94.685,94.722,96.040,96.842,97.927,99.205,100.689,102.179,102.798,103.722,104.853,105.429,106.432,107.731,109.052,110.268,108.837,100.165,108.149,109.523,111.969,113.957,115.070,116.854,115.339,115.054,115.281,115.349,116.166,117.280,118.664,119.598,120.473,121.309,122.440,123.235,123.086,124.283,125.590,125.783,126.886
 "98000","Far West",8,SQGDP1,3,"...","Current-dollar GDP (millions of current dollars) ","Millions of current dollars",2292090.7,2329319.5,2371637.9,2409566.5,2474030.7,2492621.3,2525497.7,2558031.5,2571273.3,2623060.5,2672165.0,2722367.8,2688229.0,2736845.3,2754846.1,2676832.2,2653003.7,2615136.8,2607136.8,2629470.1,2658702.9,2690306.0,2717854.0,2776498.1,2781388.9,2811531.2,2821369.2,2848169.4,2896657.3,2924099.3,2953361.6,2991053.7,3015609.3,3047002.6,3100583.0,3176503.1,3160502.2,3213963.6,3284118.8,3303241.1,3376236.2,3432639.3,3460245.7,3467322.5,3523794.0,3543342.0,3598283.0,3641720.1,3699504.7,3757061.6,3829158.4,3904037.3,3946585.7,4005525.0,4060482.4,4093722.8,4154698.4,4226583.5,4295285.3,4357255.6,4326889.1,3970954.4,4320108.5,4398671.0,4537240.4,4679246.9,4787159.8,4928871.9,4952652.1,5026835.9,5096220.7,5158097.8,5246531.3,5334071.1,5431001.3,5495492.5,5578857.8,5654527.3,5732779.3,5804143.5,5835723.4,5921445.2,6031521.3,6090326.6,6179888.4
"Note: See the included footnote file."
"SQGDP1: State quarterly gross domestic product (GDP) summary "
"Last updated: June 25, 2026-- new statistics for 2026:Q1."
"U.S. Bureau of Economic Analysis"
